seqno,區域,hosp_name,地址,緯度,經度,type,time,vaccine
1,五股區,黃志勳診所,新北市五股區成泰路2段69號,25.0837779,121.4378516,合約診所,"週一至週六早上08:30-12:00、下午14:30-18:00
晚上18:45-21:30",B型肝炎疫苗、五合一疫苗、13價肺炎鏈球菌疫苗、水痘、麻疹腮腺炎德國麻疹混合疫苗、活性減毒日本腦炎疫苗、白喉破傷風非細胞性百日咳及不活化小兒麻痺混合疫苗、A型肝炎疫苗
2,五股區,鴻佑診所,新北市五股區成泰路2段61號,25.0835719,121.4378327,合約診所,"週一至四、六早上08:30-12:00、下午15:00-18:00、晚上19:00-22:00
週五早上08:30-12:00、下午15:00-18:00
週日早上08:30-12:00",B型肝炎疫苗、五合一疫苗、13價肺炎鏈球菌疫苗、水痘、麻疹腮腺炎德國麻疹混合疫苗、活性減毒日本腦炎疫苗、白喉破傷風非細胞性百日咳及不活化小兒麻痺混合疫苗、A型肝炎疫苗
3,五股區,祐聖診所,新北市五股區五福路34號,25.0892442,121.4340449,合約診所,"週一至週六下午14:30-18:00、晚上18:30-21:30
◎13價肺炎鏈球菌疫苗及日本腦炎活性減毒疫苗，僅週四、五下午14:30-18:00",B型肝炎疫苗、五合一疫苗、13價肺炎鏈球菌疫苗、水痘、麻疹腮腺炎德國麻疹混合疫苗、活性減毒日本腦炎疫苗、白喉破傷風非細胞性百日咳及不活化小兒麻痺混合疫苗、A型肝炎疫苗
4,五股區,五股水碓診所,新北市五股區自強路36號,25.0740947,121.4338275,合約診所,"週一至週五早上08:30-12:00、下午15:30-18:00
晚上18:30-21:00
週六早上08:30-12:00",B型肝炎疫苗、五合一疫苗、13價肺炎鏈球菌疫苗、水痘、麻疹腮腺炎德國麻疹混合疫苗、活性減毒日本腦炎疫苗、白喉破傷風非細胞性百日咳及不活化小兒麻痺混合疫苗、A型肝炎疫苗
5,五股區,嘉安小兒科診所,新北市五股區凌雲路1段72號,25.1028763,121.4412706,合約診所,"週一至週六早上08:00-11:50、下午15:00-17:50
晚上18:30-20:50",B型肝炎疫苗、五合一疫苗、13價肺炎鏈球菌疫苗、水痘、麻疹腮腺炎德國麻疹混合疫苗、活性減毒日本腦炎疫苗、白喉破傷風非細胞性百日咳及不活化小兒麻痺混合疫苗、A型肝炎疫苗
6,林口區,麗林耳鼻喉科診所,新北市林口區忠孝路379號1樓,25.0716932,121.369418,合約診所,"週一至週五早上8:30-12:00、下午15:00-18:00、晚上18:30-21:30
週六早上8:30-12:00、下午15:00-18:00
週日早上8:30-12:00",B型肝炎疫苗、五合一疫苗、13價肺炎鏈球菌疫苗、水痘、麻疹腮腺炎德國麻疹混合疫苗、活性減毒日本腦炎疫苗、白喉破傷風非細胞性百日咳及不活化小兒麻痺混合疫苗、A型肝炎疫苗
7,林口區,侯志龍小兒科診所,新北市林口區公園路25號,25.0678504,121.3667475,合約診所,週一至週日早上8:30-12:00、下午15:00-17:45、晚上18:30-22:00,B型肝炎疫苗、五合一疫苗、13價肺炎鏈球菌疫苗、水痘、麻疹腮腺炎德國麻疹混合疫苗、活性減毒日本腦炎疫苗、白喉破傷風非細胞性百日咳及不活化小兒麻痺混合疫苗、A型肝炎疫苗
8,林口區,未來小兒科診所,新北市文化二路一段577號1樓,25.078465,121.3758229,合約診所,"週一至週日早上8:30-12:00、下午15:00-18:00、晚上18:30-21:30
◎週日下午休診",B型肝炎疫苗、五合一疫苗、13價肺炎鏈球菌疫苗、水痘、麻疹腮腺炎德國麻疹混合疫苗、活性減毒日本腦炎疫苗、白喉破傷風非細胞性百日咳及不活化小兒麻痺混合疫苗、A型肝炎疫苗
9,林口區,黃紹基診所,新北市林口區民有街156號,25.0761117,121.372433,合約診所,週一至週日上午8:30-12:00、下午15:00-18:00、晚上18:30-21:30,B型肝炎疫苗、五合一疫苗、13價肺炎鏈球菌疫苗、水痘、麻疹腮腺炎德國麻疹混合疫苗、活性減毒日本腦炎疫苗、白喉破傷風非細胞性百日咳及不活化小兒麻痺混合疫苗、A型肝炎疫苗
10,林口區,永健診所,新北市林口區文化二路一段392-3號1樓,25.0773454,121.3755182,合約診所,"週一至週日上午9:30-12:30、下午17:00-21:00
週二休診及週五早上休診",B型肝炎疫苗、五合一疫苗、13價肺炎鏈球菌疫苗、水痘、麻疹腮腺炎德國麻疹混合疫苗、活性減毒日本腦炎疫苗、白喉破傷風非細胞性百日咳及不活化小兒麻痺混合疫苗、A型肝炎疫苗
11,樹林區,三樹金鶯診所,新北市樹林區學成路600號1樓、2,24.9457858,121.3810886,合約診所,週一至週日上午7:30-21:30,B型肝炎疫苗、五合一疫苗、13價肺炎鏈球菌疫苗、水痘、麻疹腮腺炎德國麻疹混合疫苗、活性減毒日本腦炎疫苗、白喉破傷風非細胞性百日咳及不活化小兒麻痺混合疫苗、A型肝炎疫苗
12,樹林區,遠祺婦產科診所,新北市樹林區中華路112號1、2樓,24.9809794,121.4180536,合約診所,"週四上午9:30-11:30
◎卡介苗為每月第三週星期四早上施打",B型肝炎疫苗、五合一疫苗、13價肺炎鏈球菌疫苗、卡介苗
13,樹林區,莊豐如診所,新北市樹林區復興路18號1樓,24.9946171,121.4225165,合約診所,"週一至週五上午7:00-12:00、下午15:00-21:00
週六、週日上午9:00-12:00、下午15:00-21:00",B型肝炎疫苗、五合一疫苗、13價肺炎鏈球菌疫苗、水痘、麻疹腮腺炎德國麻疹混合疫苗、活性減毒日本腦炎疫苗、白喉破傷風非細胞性百日咳及不活化小兒麻痺混合疫苗、A型肝炎疫苗
14,樹林區,惠生保安婦幼診所,新北市樹林區保安街一段190號,24.9956059,121.4217242,合約診所,"週一至週五上午8;00-12:00、下午14:00-17:30、晚上18:30-21:30
週六上午8:00-12:00、下午14:00-17:30
◎卡介苗週二早上12:30-14:00",B型肝炎疫苗、五合一疫苗、13價肺炎鏈球菌疫苗、水痘、麻疹腮腺炎德國麻疹混合疫苗、活性減毒日本腦炎疫苗、白喉破傷風非細胞性百日咳及不活化小兒麻痺混合疫苗、A型肝炎疫苗、卡介苗
15,樹林區,信和耳鼻喉科診所,新北市樹林區博愛街178號1、2樓,24.990589,121.4256496,合約診所,週一至週日上午8:00-12:00、下午14:00-21:00,B型肝炎疫苗、五合一疫苗、13價肺炎鏈球菌疫苗、水痘、麻疹腮腺炎德國麻疹混合疫苗、活性減毒日本腦炎疫苗、白喉破傷風非細胞性百日咳及不活化小兒麻痺混合疫苗、A型肝炎疫苗
16,樹林區,林岳宏小兒科陳德馨皮膚科聯合診所,新北市樹林區中華路241號1樓,24.9806622,121.4185131,合約診所,"週一、二、三、五、六上午8:30-11:30
週一至週五下午16:00-19:00",B型肝炎疫苗、五合一疫苗、13價肺炎鏈球菌疫苗、水痘、麻疹腮腺炎德國麻疹混合疫苗、活性減毒日本腦炎疫苗、白喉破傷風非細胞性百日咳及不活化小兒麻痺混合疫苗、A型肝炎疫苗
17,樹林區,承恩診所,新北市樹林區學勤路597號,24.9489018,121.384014,合約診所,"週一至週五上午8:00-12:00、下午19:00-21:30
週六上午8:00-12:00
",B型肝炎疫苗、五合一疫苗、13價肺炎鏈球菌疫苗、水痘、麻疹腮腺炎德國麻疹混合疫苗、活性減毒日本腦炎疫苗、白喉破傷風非細胞性百日咳及不活化小兒麻痺混合疫苗、A型肝炎疫苗
18,樹林區,何廷裕小兒科診所,新北市樹林區日新街34號,24.9925988,121.4227255,合約診所,"週一至週五上午8:30-12:00、下午15:00-18:00、晚上18:30-21;30
週六早上8:30-12;00、下午15:00-18:00",B型肝炎疫苗、五合一疫苗、13價肺炎鏈球菌疫苗、水痘、麻疹腮腺炎德國麻疹混合疫苗、活性減毒日本腦炎疫苗、白喉破傷風非細胞性百日咳及不活化小兒麻痺混合疫苗、A型肝炎疫苗
19,樹林區,柯盈賢小兒科診所,新北市樹林區樹新路41號1樓,24.9947429,121.4270694,合約診所,週一至週五及週日上午8:00-12:00、下午15:00-18:00、晚上18:30-21:30,B型肝炎疫苗、五合一疫苗、13價肺炎鏈球菌疫苗、水痘、麻疹腮腺炎德國麻疹混合疫苗、活性減毒日本腦炎疫苗、白喉破傷風非細胞性百日咳及不活化小兒麻痺混合疫苗、A型肝炎疫苗
20,三芝區,三芝彭小兒科診所,新北市三芝區中山路一段59號,25.2573021,121.5008227,合約診所,週二至週五早上8:30-12:00、晚上18:00-21:00,B型肝炎疫苗、五合一疫苗、13價肺炎鏈球菌疫苗、水痘、麻疹腮腺炎德國麻疹混合疫苗、活性減毒日本腦炎疫苗、白喉破傷風非細胞性百日咳及不活化小兒麻痺混合疫苗、A型肝炎疫苗
21,三重區,洪小兒科診所,新北市三重區三民街243號,25.0674474,121.479803,合約診所,週一至週六早上9:00-12:00、晚上16:00-21:30,B型肝炎疫苗、五合一疫苗、13價肺炎鏈球菌疫苗、水痘、麻疹腮腺炎德國麻疹混合疫苗、活性減毒日本腦炎疫苗、白喉破傷風非細胞性百日咳及不活化小兒麻痺混合疫苗、A型肝炎疫苗
22,三重區,東和婦產科家庭醫學科診所,新北市三重區三和路2段97號,25.0685508,121.4996221,合約診所,週一至週五上午8:00~12:00、下午15:00~18:00、下午19:00~21:30,B型肝炎疫苗、五合一疫苗、13價肺炎鏈球菌疫苗、水痘、麻疹腮腺炎德國麻疹混合疫苗、活性減毒日本腦炎疫苗、白喉破傷風非細胞性百日咳及不活化小兒麻痺混合疫苗、A型肝炎疫苗、B型肝炎免疫球蛋白
23,三重區,鄭智雄診所,新北市三重區三和路4段308號,25.0778,121.4842869,合約診所,週一至週六上午9:00-12:00、下午15:00-18:00、晚上19:00-20:00,B型肝炎疫苗、五合一疫苗、13價肺炎鏈球菌疫苗、水痘、麻疹腮腺炎德國麻疹混合疫苗、活性減毒日本腦炎疫苗、白喉破傷風非細胞性百日咳及不活化小兒麻痺混合疫苗、A型肝炎疫苗
24,三重區,世鴻耳鼻喉科,新北市三重區三和路4段318號,25.0779158,121.4840337,合約診所,"週一至週六早上8:00–12:00、下午14:00-22:00
",B型肝炎疫苗、五合一疫苗、13價肺炎鏈球菌疫苗、水痘、麻疹腮腺炎德國麻疹混合疫苗、活性減毒日本腦炎疫苗、白喉破傷風非細胞性百日咳及不活化小兒麻痺混合疫苗、A型肝炎疫苗
25,三重區,謝明宏小兒科診所,新北市三重區中華路57號,25.0621706,121.4837699,合約診所,"週一、三、四、六上午08:30–12:00、下午16:30–18:30、晚上19:00–21:30
週二、五下午16:30–18:30、下午19:00–21:30",B型肝炎疫苗、五合一疫苗、13價肺炎鏈球菌疫苗、水痘、麻疹腮腺炎德國麻疹混合疫苗、活性減毒日本腦炎疫苗、白喉破傷風非細胞性百日咳及不活化小兒麻痺混合疫苗、A型肝炎疫苗
26,三重區,金港齡小兒科,新北市三重區仁愛街302號,25.0794257,121.4921749,合約診所,週二至週五早上9:00-11:00、下午16:30-19:30,B型肝炎疫苗、五合一疫苗、13價肺炎鏈球菌疫苗、水痘、麻疹腮腺炎德國麻疹混合疫苗、活性減毒日本腦炎疫苗、白喉破傷風非細胞性百日咳及不活化小兒麻痺混合疫苗、A型肝炎疫苗
27,三重區,仁新小兒科所,新北市三重區仁愛街735號,25.0805857,121.4818652,合約診所,"週一至週五上午08:30–12:00、下午19:00–22:00
週六上午08:30–12:00",B型肝炎疫苗、五合一疫苗、13價肺炎鏈球菌疫苗、水痘、麻疹腮腺炎德國麻疹混合疫苗、活性減毒日本腦炎疫苗、白喉破傷風非細胞性百日咳及不活化小兒麻痺混合疫苗、A型肝炎疫苗
28,三重區,簡修平診所,新北市三重區正義北路300-3號,25.0696622,121.4952995,合約診所,週一至週六上午8:30–12:00、下午15:00–18:00、晚上19:00–22:00,B型肝炎疫苗、五合一疫苗、13價肺炎鏈球菌疫苗、水痘、麻疹腮腺炎德國麻疹混合疫苗、活性減毒日本腦炎疫苗、白喉破傷風非細胞性百日咳及不活化小兒麻痺混合疫苗、A型肝炎疫苗
29,三重區,錫安婦產科內科,新北市三重區正義北路319號,25.071332,121.4941134,合約診所,週一至週六上午9:00–12:00、下午14:30–17:30、晚上19:00–22:00,B型肝炎疫苗、五合一疫苗、13價肺炎鏈球菌疫苗、水痘、麻疹腮腺炎德國麻疹混合疫苗、活性減毒日本腦炎疫苗、白喉破傷風非細胞性百日咳及不活化小兒麻痺混合疫苗、A型肝炎疫苗、B型肝炎免疫球蛋白
30,三重區,翁華宗小兒科診所,新北市三重區正義北路324號,25.0703929,121.4947976,合約診所,"週一至週六早上8:30-12:00、下午15:00-18:00、晚上19:00-22:00
週例假日:8:30-12:00",B型肝炎疫苗、五合一疫苗、13價肺炎鏈球菌疫苗、水痘、麻疹腮腺炎德國麻疹混合疫苗、活性減毒日本腦炎疫苗、白喉破傷風非細胞性百日咳及不活化小兒麻痺混合疫苗、A型肝炎疫苗
31,三重區,采新婦幼診所,新北市三重區正義北路86號,25.0646341,121.4969737,合約診所,"週一~週五:早上9:00~12:00、下午14:30~17:30
週六:早上9:00~12:00
◎卡介苗每隔週四:14:00-16:00(先預約)",B型肝炎疫苗、五合一疫苗、13價肺炎鏈球菌疫苗、水痘、麻疹腮腺炎德國麻疹混合疫苗、活性減毒日本腦炎疫苗、白喉破傷風非細胞性百日咳及不活化小兒麻痺混合疫苗、A型肝炎疫苗、卡介苗、B型肝炎免疫球蛋白
32,三重區,丁婦產科診所,新北市三重區自強路1段246號,25.0794504,121.491008,合約診所,週一至週六早上9:00–12:00、下午14:30–18:00、晚上19:00–22:00,B型肝炎疫苗、五合一疫苗、13價肺炎鏈球菌疫苗、水痘、麻疹腮腺炎德國麻疹混合疫苗、活性減毒日本腦炎疫苗、白喉破傷風非細胞性百日咳及不活化小兒麻痺混合疫苗、A型肝炎疫苗、B型肝炎免疫球蛋白
33,三重區,郭國鐘小兒科診所,新北市三重區信義街57號,25.064964,121.501222,合約診所,"週一至週五早上8:00–12:00、下午15:00–18:00、晚上19:00–21:00
週六早上8:00–12:00",B型肝炎疫苗、五合一疫苗、13價肺炎鏈球菌疫苗、水痘、麻疹腮腺炎德國麻疹混合疫苗、活性減毒日本腦炎疫苗、白喉破傷風非細胞性百日咳及不活化小兒麻痺混合疫苗、A型肝炎疫苗
34,三重區,惠心婦幼診所,新北市三重區重陽路1段138號,25.060918,121.487033,合約診所,"週一至週六:9:00-12:00、14:30-18:00、18:30-21:30
週日9:00-12:00
◎卡介苗每週四18:30-20:00(先預約)",B型肝炎疫苗、五合一疫苗、13價肺炎鏈球菌疫苗、水痘、麻疹腮腺炎德國麻疹混合疫苗、活性減毒日本腦炎疫苗、白喉破傷風非細胞性百日咳及不活化小兒麻痺混合疫苗、A型肝炎疫苗、卡介苗、育齡婦女MMR
35,三重區,聰明耳鼻喉科診所,新北市三重區重新路2段14號1樓,25.0626679,121.4995206,合約診所,週一至週六上午9:00-11:30、下午15:00-1800、晚上18:30-2100,B型肝炎疫苗、五合一疫苗、13價肺炎鏈球菌疫苗、水痘、麻疹腮腺炎德國麻疹混合疫苗、活性減毒日本腦炎疫苗、白喉破傷風非細胞性百日咳及不活化小兒麻痺混合疫苗、A型肝炎疫苗
36,三重區,德恩診所,新北市三重區集成路47號,25.0527488,121.4893543,合約診所,"週一至週六上午8:30~12:00、下午15:00~18:00
週一至週五晚上18:30~21:30",B型肝炎疫苗、五合一疫苗、13價肺炎鏈球菌疫苗、水痘、麻疹腮腺炎德國麻疹混合疫苗、活性減毒日本腦炎疫苗、白喉破傷風非細胞性百日咳及不活化小兒麻痺混合疫苗、A型肝炎疫苗
37,三重區,慶祥診所,新北市三重區自強路3段67號,25.0733391,121.4870601,合約診所,"週一至週五上午9:00-12:00、下午18:00-21:00
周六上午8:30-12:00
週日下午18:00-21:00",B型肝炎疫苗、五合一疫苗、13價肺炎鏈球菌疫苗、水痘、麻疹腮腺炎德國麻疹混合疫苗、活性減毒日本腦炎疫苗、白喉破傷風非細胞性百日咳及不活化小兒麻痺混合疫苗、A型肝炎疫苗
38,三重區,新北市立聯合醫院,"新北市三重區新北大道1段3號
",25.0470319,121.4838873,合約診所,"週一、三、四、五、六上午9:00-10:30(掛號時間)
週二下午13:30~15:30(掛號時間)",B型肝炎疫苗、五合一疫苗、13價肺炎鏈球菌疫苗、水痘、麻疹腮腺炎德國麻疹混合疫苗、活性減毒日本腦炎疫苗、白喉破傷風非細胞性百日咳及不活化小兒麻痺混合疫苗、A型肝炎疫苗、B型肝炎免疫球蛋白、育齡婦女MMR
39,三重區,惠心婦產科小兒科診所,新北市三重區成功路171號-173號,25.0526477,121.4861851,合約診所,"週一至週六早上9:00-12:00、下午14:30-18:00、晚上18:30-21:30
週日早上9:00-12:00
◎卡介苗每週四18:30-20:00(先預約)",B型肝炎疫苗、五合一疫苗、13價肺炎鏈球菌疫苗、水痘、麻疹腮腺炎德國麻疹混合疫苗、活性減毒日本腦炎疫苗、白喉破傷風非細胞性百日咳及不活化小兒麻痺混合疫苗、A型肝炎疫苗、卡介苗、B型肝炎免疫球蛋白、育齡婦女MMR
40,三重區,正和診所,新北市三重區正義北路278號1樓,25.0690833,121.4956628,合約診所,週一至週日上午8:00-12:00、下午15:00-18:00、晚上18:30-22:00,B型肝炎疫苗、五合一疫苗、13價肺炎鏈球菌疫苗、水痘、麻疹腮腺炎德國麻疹混合疫苗、活性減毒日本腦炎疫苗、白喉破傷風非細胞性百日咳及不活化小兒麻痺混合疫苗、A型肝炎疫苗
41,八里區,誠泰診所,新北市八里區中山路一段231號,25.157637,121.4109423,合約診所,週一至周五及週日早上8:00-12:00、下午15:00-18:00、晚上18:00-21:00,B型肝炎疫苗、五合一疫苗、13價肺炎鏈球菌疫苗、水痘、麻疹腮腺炎德國麻疹混合疫苗、活性減毒日本腦炎疫苗、白喉破傷風非細胞性百日咳及不活化小兒麻痺混合疫苗、A型肝炎疫苗
42,板牆區,新北市立聯合醫院(板橋院區),新北市板橋區英士路198號,25.0232911,121.4574246,合約診所,"週一、二、五上午9:00-11:30
週三下午1:30-4:00",B型肝炎疫苗、五合一疫苗、13價肺炎鏈球菌疫苗、水痘、麻疹腮腺炎德國麻疹混合疫苗、活性減毒日本腦炎疫苗、白喉破傷風非細胞性百日咳及不活化小兒麻痺混合疫苗、A型肝炎疫苗
43,板牆區,亞東紀念醫院,新北市板橋區南雅南路2段21號,24.997236,121.4532954,合約診所,"週一、週三、週六上午9:00-12:00
週五下午13:00-16:00
◎卡介苗為週三上午9:30~11:30
（上午11:00前務必至診間報到)",B型肝炎疫苗、五合一疫苗、13價肺炎鏈球菌疫苗、水痘、麻疹腮腺炎德國麻疹混合疫苗、活性減毒日本腦炎疫苗、白喉破傷風非細胞性百日咳及不活化小兒麻痺混合疫苗、A型肝炎疫苗、卡介苗、B型肝炎免疫球蛋白
44,板牆區,合泰婦產小兒聯合診所,新北市板橋區忠孝路19號,25.002047,121.460332,合約診所,"週一至週六上午9：00-12：00
週二、四、五下午15:00-18:00
週一至週五晚上19：00-22：00
週六晚上19：00-21：00",B型肝炎疫苗、五合一疫苗、13價肺炎鏈球菌疫苗、水痘、麻疹腮腺炎德國麻疹混合疫苗、活性減毒日本腦炎疫苗、白喉破傷風非細胞性百日咳及不活化小兒麻痺混合疫苗、A型肝炎疫苗
45,板牆區,燿星小兒科診所,新北市板橋區實踐路113號,25.005069,121.4641695,合約診所,週一至週六上午9:00-12:00、下午15:00-18:00、晚上19:00-21:00,B型肝炎疫苗、五合一疫苗、13價肺炎鏈球菌疫苗、水痘、麻疹腮腺炎德國麻疹混合疫苗、活性減毒日本腦炎疫苗、白喉破傷風非細胞性百日咳及不活化小兒麻痺混合疫苗、A型肝炎疫苗
46,板牆區,吳建明小兒科診所,新北市板橋區四川路2段245巷46號,24.9924306,121.4518113,合約診所,"週一至週六上午8:30-12:00、晚上18:00-22:00
週一、週三、週五下午3:00-6:00",B型肝炎疫苗、五合一疫苗、13價肺炎鏈球菌疫苗、水痘、麻疹腮腺炎德國麻疹混合疫苗、活性減毒日本腦炎疫苗、白喉破傷風非細胞性百日咳及不活化小兒麻痺混合疫苗、A型肝炎疫苗
47,板牆區,吳懿蒼小兒科診所,新北市板橋區國光路43號,25.0178659,121.457657,合約診所,"週一至週六上午9:00-11:30、下午15:30-17:00
週一至週五晚上19:00-21:00
週六晚上19:00-20:00",B型肝炎疫苗、五合一疫苗、13價肺炎鏈球菌疫苗、水痘、麻疹腮腺炎德國麻疹混合疫苗、活性減毒日本腦炎疫苗、白喉破傷風非細胞性百日咳及不活化小兒麻痺混合疫苗、A型肝炎疫苗
48,板牆區,吳宏誠小兒科診所,新北市板橋區莊敬路156號1樓,25.0226522,121.4712923,合約診所,"週一至週五上午8:30-11:30、下午16:00-17:30
晚上18:30-21:00
週六上午9:00-12:00、晚上17:00-21:00",B型肝炎疫苗、五合一疫苗、13價肺炎鏈球菌疫苗、水痘、麻疹腮腺炎德國麻疹混合疫苗、活性減毒日本腦炎疫苗、白喉破傷風非細胞性百日咳及不活化小兒麻痺混合疫苗、A型肝炎疫苗
49,板牆區,林子敬診所,新北市板橋區中山路2段198號,25.0175679,121.477674,合約診所,週一至週六上午8:30-12:00、下午15:00-18:00、晚上18:30-21:30,B型肝炎疫苗、五合一疫苗、13價肺炎鏈球菌疫苗、水痘、麻疹腮腺炎德國麻疹混合疫苗、活性減毒日本腦炎疫苗、白喉破傷風非細胞性百日咳及不活化小兒麻痺混合疫苗、A型肝炎疫苗
50,板牆區,陳正忠小兒科診所,新北市板橋區府中路143號,25.0093834,121.4554527,合約診所,"週一至週六上午9:00-12:00、下午15:30-18:00(週三下午休診)
週一至週五晚上19:00-21:30
國定假日只看早上9:00-12:00",B型肝炎疫苗、五合一疫苗、13價肺炎鏈球菌疫苗、水痘、麻疹腮腺炎德國麻疹混合疫苗、活性減毒日本腦炎疫苗、白喉破傷風非細胞性百日咳及不活化小兒麻痺混合疫苗、A型肝炎疫苗
51,板牆區,陳嘉偉診所,新北市板橋區懷仁街92號,25.0178272,121.4776584,合約診所,"週一至週五上午9:00-12:00、晚上19:00-21:30
週六上午9:00-12:00",B型肝炎疫苗、五合一疫苗、13價肺炎鏈球菌疫苗、水痘、麻疹腮腺炎德國麻疹混合疫苗、活性減毒日本腦炎疫苗、白喉破傷風非細胞性百日咳及不活化小兒麻痺混合疫苗、A型肝炎疫苗
52,板牆區,陳恩哲小兒科診所,新北市板橋區文化路1段216號,24.949566,121.35289,合約診所,"週一至週日上午8:30-12:00
週一至週六下午3:00-6:00、晚上6:00-10:00",B型肝炎疫苗、五合一疫苗、13價肺炎鏈球菌疫苗、水痘、麻疹腮腺炎德國麻疹混合疫苗、活性減毒日本腦炎疫苗、白喉破傷風非細胞性百日咳及不活化小兒麻痺混合疫苗、A型肝炎疫苗
53,板牆區,宏文小兒科診所,新北市板橋區國光路45號,25.0178889,121.457753,合約診所,週一至週五上午8:30-12:00、晚上5:00-9:30,B型肝炎疫苗、五合一疫苗、13價肺炎鏈球菌疫苗、水痘、麻疹腮腺炎德國麻疹混合疫苗、活性減毒日本腦炎疫苗、白喉破傷風非細胞性百日咳及不活化小兒麻痺混合疫苗、A型肝炎疫苗
54,板牆區,徐小兒科診所,新北市板橋區陽明街46-2號,25.0220793,121.4656644,合約診所,週一至週六上午8:30-12:00、下午3:00-6:00、晚上6:30-9:30,B型肝炎疫苗、五合一疫苗、13價肺炎鏈球菌疫苗、水痘、麻疹腮腺炎德國麻疹混合疫苗、活性減毒日本腦炎疫苗、白喉破傷風非細胞性百日咳及不活化小兒麻痺混合疫苗、A型肝炎疫苗
55,板牆區,良品婦幼聯合診所,新北市板橋區南雅南路1段8-8號1樓,25.0057165,121.4554698,合約診所,週一至週六上午9:00-12:00、下午2:30-5:30、晚上6:30-9:30,B型肝炎疫苗、五合一疫苗、13價肺炎鏈球菌疫苗、水痘、麻疹腮腺炎德國麻疹混合疫苗、活性減毒日本腦炎疫苗、白喉破傷風非細胞性百日咳及不活化小兒麻痺混合疫苗、A型肝炎疫苗
56,板牆區,宏元小兒科診所,新北市板橋區仁化街1號,25.0317315,121.4744885,合約診所,"週一至週五上午08:00–12:00、下午16:00–21:30
週六上午08:00–12:00、下午16:00–18:00
週日08:00–12:00",B型肝炎疫苗、五合一疫苗、13價肺炎鏈球菌疫苗、水痘、麻疹腮腺炎德國麻疹混合疫苗、活性減毒日本腦炎疫苗、白喉破傷風非細胞性百日咳及不活化小兒麻痺混合疫苗、A型肝炎疫苗
57,板牆區,大庭診所,新北市板橋區大仁街27號1樓,25.0167983,121.4555315,合約診所,"週一至週五上午8:30-12:00、下午16:00-18:00、晚上18:30-21:30
週六上午8:30-12:00、晚上18:30-21:30",B型肝炎疫苗、五合一疫苗、13價肺炎鏈球菌疫苗、水痘、麻疹腮腺炎德國麻疹混合疫苗、活性減毒日本腦炎疫苗、白喉破傷風非細胞性百日咳及不活化小兒麻痺混合疫苗、A型肝炎疫苗
58,板牆區,蕭正輝小兒科診所,新北市板橋區文化路2段137號,25.0268189,121.46993,合約診所,"週一至週五上午9:00-12:00、下午3:00-6:00、晚上6:30-9:30
週六、週日、例假日上午9:00-12:00",B型肝炎疫苗、五合一疫苗、13價肺炎鏈球菌疫苗、水痘、麻疹腮腺炎德國麻疹混合疫苗、活性減毒日本腦炎疫苗、白喉破傷風非細胞性百日咳及不活化小兒麻痺混合疫苗、A型肝炎疫苗
59,板牆區,重慶耳鼻喉科診所,新北市板橋區和平路161巷26號,24.9965849,121.463394,合約診所,週一至週六上午9:00-12:00、下午15:30-18:00(週日除外)、晚上6:30-9:30(周日除外),B型肝炎疫苗、五合一疫苗、13價肺炎鏈球菌疫苗、水痘、麻疹腮腺炎德國麻疹混合疫苗、活性減毒日本腦炎疫苗、白喉破傷風非細胞性百日咳及不活化小兒麻痺混合疫苗、A型肝炎疫苗
60,板牆區,王林小兒科診所,新北市板橋區忠孝路20號,25.001733,121.4600302,合約診所,"週一至週五上午9:00-12:00、下午15:00-18:00、晚上19:00-22:00
週六上午8:30-13:00
國定假日8:30-12:00",B型肝炎疫苗、五合一疫苗、13價肺炎鏈球菌疫苗、水痘、麻疹腮腺炎德國麻疹混合疫苗、活性減毒日本腦炎疫苗、白喉破傷風非細胞性百日咳及不活化小兒麻痺混合疫苗、A型肝炎疫苗
61,板牆區,大佳診所,新北市板橋區英士路53號,25.0248768,121.4615096,合約診所,週一至週六上午8:30-11:30、下午16:00-18:00、晚上18:30-19:00,B型肝炎疫苗、五合一疫苗、13價肺炎鏈球菌疫苗、水痘、麻疹腮腺炎德國麻疹混合疫苗、活性減毒日本腦炎疫苗、白喉破傷風非細胞性百日咳及不活化小兒麻痺混合疫苗、A型肝炎疫苗
62,板牆區,欣幼婦產科診所,新北市板橋區四川路1段188號,24.9959969,121.4559288,合約診所,"週一、二、三、四、六上午9:00-12:00週二、四下午14:30-18:00
週五晚上19:00-22:00
◎卡介苗每月最後一週之週四早上9:00-11:30(當月遇假日則電洽)",B型肝炎疫苗、五合一疫苗、13價肺炎鏈球菌疫苗、水痘、麻疹腮腺炎德國麻疹混合疫苗、活性減毒日本腦炎疫苗、白喉破傷風非細胞性百日咳及不活化小兒麻痺混合疫苗、A型肝炎疫苗、卡介苗、B型肝炎免疫球蛋白
63,板牆區,耀安小兒科診所,新北市板橋區漢生東路324號,25.0080259,121.4716617,合約診所,"週一至週五早、午、晚門診上午8:00-12:00、下午15:30-18:00、晚上6:30-9:30
週六早、午門診上午8:00-12:00、下午15:30-18:00
週日晚上6:30-9:30
",B型肝炎疫苗、五合一疫苗、13價肺炎鏈球菌疫苗、水痘、麻疹腮腺炎德國麻疹混合疫苗、活性減毒日本腦炎疫苗、白喉破傷風非細胞性百日咳及不活化小兒麻痺混合疫苗、A型肝炎疫苗
64,板牆區,溫大慶小兒科診所,新北市板橋區新海路386號,25.0262477,121.4591201,合約診所,"週一至週日上午8:30-12:00、下午16:00-18:00、晚上18:30-21:30
(週三全日休診)",B型肝炎疫苗、五合一疫苗、13價肺炎鏈球菌疫苗、水痘、麻疹腮腺炎德國麻疹混合疫苗、活性減毒日本腦炎疫苗、白喉破傷風非細胞性百日咳及不活化小兒麻痺混合疫苗、A型肝炎疫苗
65,板牆區,陳榮泰小兒科診所,新北市板橋區金門街311號,24.9862202,121.4299266,合約診所,"週一至週五上午8:00-12:00、下午15:00-18:00
週三晚上18:30-21:30",B型肝炎疫苗、五合一疫苗、13價肺炎鏈球菌疫苗、水痘、麻疹腮腺炎德國麻疹混合疫苗、活性減毒日本腦炎疫苗、白喉破傷風非細胞性百日咳及不活化小兒麻痺混合疫苗、A型肝炎疫苗
66,板牆區,雷世陽婦產科診所,新北市板橋區三民路2段110號,25.0166678,121.479036,合約診所,"週一至週六上午9:00-12:00
◎卡介苗需預約，請電洽",B型肝炎疫苗、五合一疫苗、13價肺炎鏈球菌疫苗、水痘、麻疹腮腺炎德國麻疹混合疫苗、活性減毒日本腦炎疫苗、白喉破傷風非細胞性百日咳及不活化小兒麻痺混合疫苗、A型肝炎疫苗、卡介苗、B型肝炎免疫球蛋白
67,板牆區,張博揚小兒科診所,新北市板橋區仁化街85號,25.0320393,121.4761136,合約診所,週一至週日(週五休診)上午8:00-12:00、下午16:30-18:00、晚上19:00-21:30,B型肝炎疫苗、五合一疫苗、13價肺炎鏈球菌疫苗、水痘、麻疹腮腺炎德國麻疹混合疫苗、活性減毒日本腦炎疫苗、白喉破傷風非細胞性百日咳及不活化小兒麻痺混合疫苗、A型肝炎疫苗
68,板牆區,安慶診所,新北市板橋區互助街77巷1號1樓,25.0260782,121.4603865,合約診所,"週一至週六上午8:30-12:00、下午15:00-18:00
晚上18:30-21:30",B型肝炎疫苗、五合一疫苗、13價肺炎鏈球菌疫苗、水痘、麻疹腮腺炎德國麻疹混合疫苗、活性減毒日本腦炎疫苗、白喉破傷風非細胞性百日咳及不活化小兒麻痺混合疫苗、A型肝炎疫苗
69,板牆區,遠興婦產科診所,新北市板橋區中山路1段91號,25.0114095,121.4618415,合約診所,"週一至週六上午9:00-12:00
◎卡介苗需預約，請電洽",B型肝炎疫苗、五合一疫苗、13價肺炎鏈球菌疫苗、水痘、麻疹腮腺炎德國麻疹混合疫苗、活性減毒日本腦炎疫苗、白喉破傷風非細胞性百日咳及不活化小兒麻痺混合疫苗、A型肝炎疫苗、卡介苗、B型肝炎免疫球蛋白
70,板牆區,豐禾婦產科診所,新北市板橋區中山路1段279號3樓之1,24.9607949,121.412267,合約診所,"週一至週五上午9:00-12:00、下午15:00-18:00
週六上午09:00-12:00
◎卡介苗需預約，請電洽",B型肝炎疫苗、五合一疫苗、13價肺炎鏈球菌疫苗、水痘、麻疹腮腺炎德國麻疹混合疫苗、活性減毒日本腦炎疫苗、白喉破傷風非細胞性百日咳及不活化小兒麻痺混合疫苗、A型肝炎疫苗、卡介苗、B型肝炎免疫球蛋白
71,板牆區,菡生婦幼診所,新北市板橋區中山路一段104號,25.0103033,121.4627122,合約診所,"週一至週五上午9:00-12:00、下午2:30-8:30
週六9:00-12:00
◎卡介苗週五9:30-12:00
（上午11:30前務必至診間報到)",B型肝炎疫苗、五合一疫苗、13價肺炎鏈球菌疫苗、水痘、麻疹腮腺炎德國麻疹混合疫苗、活性減毒日本腦炎疫苗、白喉破傷風非細胞性百日咳及不活化小兒麻痺混合疫苗、A型肝炎疫苗、卡介苗、B型肝炎免疫球蛋白
72,板牆區,建佑診所,新北市板橋區雙十路二段164號,25.0295498,121.473136,合約診所,"週一至週五上午8:30-12:00、下午3:00-6:00
週六上午8:30-12:00",B型肝炎疫苗、五合一疫苗、13價肺炎鏈球菌疫苗、水痘、麻疹腮腺炎德國麻疹混合疫苗、活性減毒日本腦炎疫苗、白喉破傷風非細胞性百日咳及不活化小兒麻痺混合疫苗、A型肝炎疫苗
73,板牆區,兒林小兒科診所,新北市板橋區廣和街90號,24.9937308,121.4623527,合約診所,"週一至週六上午8:30-11:50、下午15:00-17:50、晚上19:00-21:20
週三下午休診、週六下午、晚上休診",B型肝炎疫苗、五合一疫苗、13價肺炎鏈球菌疫苗、水痘、麻疹腮腺炎德國麻疹混合疫苗、活性減毒日本腦炎疫苗、白喉破傷風非細胞性百日咳及不活化小兒麻痺混合疫苗、A型肝炎疫苗
74,板牆區,佑恩小兒科,新北市板橋區國光路176號,25.0182726,121.4606314,合約診所,週一至週六上午8:30-12:00、下午4:00-6:00、晚上6:30-9:30(週六除外),B型肝炎疫苗、五合一疫苗、13價肺炎鏈球菌疫苗、水痘、麻疹腮腺炎德國麻疹混合疫苗、活性減毒日本腦炎疫苗、白喉破傷風非細胞性百日咳及不活化小兒麻痺混合疫苗、A型肝炎疫苗
75,板牆區,林儀文婦產科,新北市板橋區民權路218號,25.0142359,121.4589058,合約診所,"週一至週五上午9:00-12:00
週一晚上18:30-9:30",B型肝炎疫苗、五合一疫苗、13價肺炎鏈球菌疫苗、水痘、麻疹腮腺炎德國麻疹混合疫苗、活性減毒日本腦炎疫苗、白喉破傷風非細胞性百日咳及不活化小兒麻痺混合疫苗、A型肝炎疫苗、B型肝炎免疫球蛋白
76,板牆區,黃世鑫診所,新北市板橋區四川路一段143號,25.004387,121.460038,合約診所,"週一、週二、週四、週六早上8:40-12:00
週二至週五下午15:00-18:00
週一、週三、週四晚上18:40-21:30",B型肝炎疫苗、五合一疫苗、13價肺炎鏈球菌疫苗、水痘、麻疹腮腺炎德國麻疹混合疫苗、活性減毒日本腦炎疫苗、白喉破傷風非細胞性百日咳及不活化小兒麻痺混合疫苗、A型肝炎疫苗
77,板牆區,興安診所,新北市板橋區龍興街51號,25.0009596,121.443144,合約診所,週一至週五上午8:00-12:00、下午2:00-5:30、晚上6:30-9:30,B型肝炎疫苗、五合一疫苗、13價肺炎鏈球菌疫苗、水痘、麻疹腮腺炎德國麻疹混合疫苗、活性減毒日本腦炎疫苗、白喉破傷風非細胞性百日咳及不活化小兒麻痺混合疫苗、A型肝炎疫苗
78,板牆區,蔡明志小兒專科診所,新北市板橋區雨農路56號,25.0242209,121.4608338,合約診所,"星期一至日上午8:00-12:00、下午15:00-18:00、晚上18:30-21:30
",B型肝炎疫苗、五合一疫苗、13價肺炎鏈球菌疫苗、水痘、麻疹腮腺炎德國麻疹混合疫苗、活性減毒日本腦炎疫苗、白喉破傷風非細胞性百日咳及不活化小兒麻痺混合疫苗、A型肝炎疫苗
79,永和區,天主教耕莘醫療財團法人永和耕莘醫院,新北市永和區中興街80號Ｂ1-7樓、國光路123號Ｂ3-11樓,25.0118281,121.5179183,合約診所,"週一至週五下午14：00-16：30
MMR&VAR於週三下午固定接種
◎卡介苗於院內公告時間集中週五接種",B型肝炎疫苗、五合一疫苗、13價肺炎鏈球菌疫苗、水痘、麻疹腮腺炎德國麻疹混合疫苗、活性減毒日本腦炎疫苗、白喉破傷風非細胞性百日咳及不活化小兒麻痺混合疫苗、A型肝炎疫苗、卡介苗、B型肝炎免疫球蛋白
80,永和區,王英傑小兒科診所,新北市永和區中山路1段158號,25.0057564,121.5061052,合約診所,週一至週六上午8:30-12:00、下午15:00-18:00、晚上18:30-22:00,B型肝炎疫苗、五合一疫苗、13價肺炎鏈球菌疫苗、水痘、麻疹腮腺炎德國麻疹混合疫苗、活性減毒日本腦炎疫苗、白喉破傷風非細胞性百日咳及不活化小兒麻痺混合疫苗、A型肝炎疫苗
81,永和區,御生婦幼診所,新北市永和區中山路1段277號1、2樓及275號2、3樓,25.0103251,121.5145353,合約診所,"週一至週六09:00-12:00
◎卡介苗採預約",B型肝炎疫苗、五合一疫苗、13價肺炎鏈球菌疫苗、水痘、麻疹腮腺炎德國麻疹混合疫苗、活性減毒日本腦炎疫苗、白喉破傷風非細胞性百日咳及不活化小兒麻痺混合疫苗、A型肝炎疫苗、卡介苗、B型肝炎免疫球蛋白
82,永和區,吳銅坤婦產科診所,新北市永和區中山路1段35號.31號2．3樓之1,25.0103251,121.5145353,合約診所,接種院內生產嬰幼兒,B型肝炎疫苗、五合一疫苗、13價肺炎鏈球菌疫苗、水痘、麻疹腮腺炎德國麻疹混合疫苗、活性減毒日本腦炎疫苗、白喉破傷風非細胞性百日咳及不活化小兒麻痺混合疫苗、A型肝炎疫苗、B型肝炎免疫球蛋白
83,永和區,洪碩壎小兒科診所,新北市永和區中正路157號1樓,24.9985135,121.5163421,合約診所,"週一至週日上午08:30-12:00、下午15:00~18:00、晚上18:30-21:30
(週四及日午晚休診)",B型肝炎疫苗、五合一疫苗、13價肺炎鏈球菌疫苗、水痘、麻疹腮腺炎德國麻疹混合疫苗、活性減毒日本腦炎疫苗、白喉破傷風非細胞性百日咳及不活化小兒麻痺混合疫苗、A型肝炎疫苗
84,永和區,唐小兒科診所,新北市永和區中正路436，438號1，2樓,25.0025722,121.517776,合約診所,"週一至週六早上7:00-12:00(週六08:00開始)、下午13:00-16:00、晚上17:00-21:30
週日及例假日上午8:00-12:00、晚上17:00-21:30",B型肝炎疫苗、五合一疫苗、13價肺炎鏈球菌疫苗、水痘、麻疹腮腺炎德國麻疹混合疫苗、活性減毒日本腦炎疫苗、白喉破傷風非細胞性百日咳及不活化小兒麻痺混合疫苗、A型肝炎疫苗
85,永和區,吳志仁診所,新北市永和區仁愛路147號1樓,25.0128511,121.511359,合約診所,"週一至週五上午8:30-12:00、下午15:00-18:00、晚上18:45-21:30
週六上午08:30-12:00",B型肝炎疫苗、五合一疫苗、13價肺炎鏈球菌疫苗、水痘、麻疹腮腺炎德國麻疹混合疫苗、活性減毒日本腦炎疫苗、白喉破傷風非細胞性百日咳及不活化小兒麻痺混合疫苗、A型肝炎疫苗
86,永和區,楊安診所,新北市永和區仁愛路303號1樓,25.0079711,121.5037177,合約診所,"週一至週五上午8:30-12:00、下午17:30-21:30
週六上午08:30-12:00",B型肝炎疫苗、五合一疫苗、13價肺炎鏈球菌疫苗、水痘、麻疹腮腺炎德國麻疹混合疫苗、活性減毒日本腦炎疫苗、白喉破傷風非細胞性百日咳及不活化小兒麻痺混合疫苗、A型肝炎疫苗
87,永和區,永愛診所,新北市永和區永平路282之1號1樓及286之1號2樓,25.0118969,121.5079362,合約診所,"週一至週五上午8:20-12:00、下午16:00-18:30、晚上19:00-21:30
週六上午8:20-12:00
週日上午8:20-12:00、下午18:00-21:00
◎卡介苗採預約",B型肝炎疫苗、五合一疫苗、13價肺炎鏈球菌疫苗、水痘、麻疹腮腺炎德國麻疹混合疫苗、活性減毒日本腦炎疫苗、白喉破傷風非細胞性百日咳及不活化小兒麻痺混合疫苗、A型肝炎疫苗、卡介苗
88,永和區,洪源裕小兒科診所,新北市永和區竹林路181號1、2樓,25.0096899,121.5207021,合約診所,"週一至週六早上8:00-12:00、下午14:00-18:00、19:00-22:00
週日上午08:30-12:00",B型肝炎疫苗、五合一疫苗、13價肺炎鏈球菌疫苗、水痘、麻疹腮腺炎德國麻疹混合疫苗、活性減毒日本腦炎疫苗、白喉破傷風非細胞性百日咳及不活化小兒麻痺混合疫苗、A型肝炎疫苗
89,永和區,呂適存小兒科診所,新北市永和區竹林路51號1樓,25.0140095,121.5181064,合約診所,週一至週五上午9:00-12:00、下午14:30-17:30、晚上18:30-21:30,B型肝炎疫苗、五合一疫苗、13價肺炎鏈球菌疫苗、水痘、麻疹腮腺炎德國麻疹混合疫苗、活性減毒日本腦炎疫苗、白喉破傷風非細胞性百日咳及不活化小兒麻痺混合疫苗、A型肝炎疫苗
90,永和區,謝璧光小兒科診所,新北市永和區竹林路81號1樓,25.0124514,121.5196833,合約診所,"週一至週五上午9:00-11:30、下午17:00-19:30
週六早上9:00-12:00",B型肝炎疫苗、五合一疫苗、13價肺炎鏈球菌疫苗、水痘、麻疹腮腺炎德國麻疹混合疫苗、活性減毒日本腦炎疫苗、白喉破傷風非細胞性百日咳及不活化小兒麻痺混合疫苗、A型肝炎疫苗
91,永和區,惠恩診所,新北市永和區保安路212－1號1樓,25.0139188,121.5075343,合約診所,"週一至週六早上8:30-12:00、下午15:00-18:00、晚上18:30-21:30
(週日休假)",B型肝炎疫苗、五合一疫苗、13價肺炎鏈球菌疫苗、水痘、麻疹腮腺炎德國麻疹混合疫苗、活性減毒日本腦炎疫苗、白喉破傷風非細胞性百日咳及不活化小兒麻痺混合疫苗、A型肝炎疫苗
92,永和區,蕭正貴小兒家庭醫學科診所,新北市永和區得和路198號,24.9999403,121.520199,合約診所,"上午9:00-12:00、下午18:00-21:00
週三及週五晚上休診",B型肝炎疫苗、五合一疫苗、13價肺炎鏈球菌疫苗、水痘、麻疹腮腺炎德國麻疹混合疫苗、活性減毒日本腦炎疫苗、白喉破傷風非細胞性百日咳及不活化小兒麻痺混合疫苗、A型肝炎疫苗
93,永和區,王杰凱小兒科診所,新北市永和區得和路275號1樓及永元路4號1樓,24.999883,121.5223337,合約診所,"週一至週六上午8:30-12:00、下午15:00-18:00、晚上18:30-21:30
◎卡介苗為每個月第1及第3週的週三下午13:00-14:30",B型肝炎疫苗、五合一疫苗、13價肺炎鏈球菌疫苗、水痘、麻疹腮腺炎德國麻疹混合疫苗、活性減毒日本腦炎疫苗、白喉破傷風非細胞性百日咳及不活化小兒麻痺混合疫苗、A型肝炎疫苗、卡介苗
94,永和區,曾怡仁診所,新北市永和區得和路340號,24.9994518,121.5235396,合約診所,"週一至週六上午9:00-12:00、下午16:00-21:00(除週六下午15:00-18:00)
週三上午、週六晚上休診及週天全天休診",B型肝炎疫苗、五合一疫苗、13價肺炎鏈球菌疫苗、水痘、麻疹腮腺炎德國麻疹混合疫苗、活性減毒日本腦炎疫苗、白喉破傷風非細胞性百日咳及不活化小兒麻痺混合疫苗、A型肝炎疫苗
95,永和區,章志平小兒科診所,新北市永和區福和路195號,25.0074584,121.5197642,合約診所,週一至週六上午8:30-12:30、下午17:30-21:30,B型肝炎疫苗、五合一疫苗、13價肺炎鏈球菌疫苗、水痘、麻疹腮腺炎德國麻疹混合疫苗、活性減毒日本腦炎疫苗、白喉破傷風非細胞性百日咳及不活化小兒麻痺混合疫苗、A型肝炎疫苗
96,永和區,愛兒小兒科診所,新北市永和區福和路199號,25.0074484,121.5195512,合約診所,週一至週六上午9:00-12:00、下午14:00-18:00、晚上19:00-21:30,B型肝炎疫苗、五合一疫苗、13價肺炎鏈球菌疫苗、水痘、麻疹腮腺炎德國麻疹混合疫苗、活性減毒日本腦炎疫苗、白喉破傷風非細胞性百日咳及不活化小兒麻痺混合疫苗、A型肝炎疫苗
97,永和區,蕭佩宏小兒科診所,新北市永和區福和路258號,25.007664,121.5183121,合約診所,"週一至週五上午8:30-12:00、下午15:00-18:00、晚上19:00-21:30
週六早上9:00-12:00
(週一下午、週六晚上休診)",B型肝炎疫苗、五合一疫苗、13價肺炎鏈球菌疫苗、水痘、麻疹腮腺炎德國麻疹混合疫苗、活性減毒日本腦炎疫苗、白喉破傷風非細胞性百日咳及不活化小兒麻痺混合疫苗、A型肝炎疫苗
98,永和區,美加婦產科診所,新北市永和區福和路278號2－5樓,25.0075873,121.5178642,合約診所,週一至週日24小時,B型肝炎疫苗、五合一疫苗、13價肺炎鏈球菌疫苗、水痘、麻疹腮腺炎德國麻疹混合疫苗、活性減毒日本腦炎疫苗、白喉破傷風非細胞性百日咳及不活化小兒麻痺混合疫苗、A型肝炎疫苗、B型肝炎免疫球蛋白
99,永和區,鍾婦產科診所,新北市永和區福和路84號1－2樓，86號1－3樓,25.008152,121.5227712,合約診所,週一至週六早上9:00-12:00、下午15:00-17:30,B型肝炎疫苗、五合一疫苗、13價肺炎鏈球菌疫苗、水痘、麻疹腮腺炎德國麻疹混合疫苗、活性減毒日本腦炎疫苗、白喉破傷風非細胞性百日咳及不活化小兒麻痺混合疫苗、A型肝炎疫苗、B型肝炎免疫球蛋白
100,永和區,旭恩小兒科診所,新北市永和區中山路1段172號1樓,25.0057564,121.5061052,合約診所,週一至週六上午8:30-12:00、下午3:00-6:00、晚上6:30-9:30,B型肝炎疫苗、五合一疫苗、13價肺炎鏈球菌疫苗、水痘、麻疹腮腺炎德國麻疹混合疫苗、活性減毒日本腦炎疫苗、白喉破傷風非細胞性百日咳及不活化小兒麻痺混合疫苗、A型肝炎疫苗
101,金山區,台大金山分院,新北市金山區五湖里玉湖路7號,25.2120835,121.6197527,合約診所,週三下午1:30-5:00,B型肝炎疫苗、五合一疫苗、13價肺炎鏈球菌疫苗、水痘、麻疹腮腺炎德國麻疹混合疫苗、活性減毒日本腦炎疫苗、白喉破傷風非細胞性百日咳及不活化小兒麻痺混合疫苗、A型肝炎疫苗
102,蘆洲區,許修平小兒科診所,新北市蘆洲區長安街290號,25.0880436,121.4573748,合約診所,週一至週日上午8:30-12:00、下午15:00-18:00、晚上18:30-21:30,B型肝炎疫苗、五合一疫苗、13價肺炎鏈球菌疫苗、水痘、麻疹腮腺炎德國麻疹混合疫苗、活性減毒日本腦炎疫苗、白喉破傷風非細胞性百日咳及不活化小兒麻痺混合疫苗、A型肝炎疫苗、卡介苗
103,蘆洲區,愛麗生婦產科診所,新北市蘆洲區長榮路323號,25.0868414,121.4596755,合約診所,"週一、週二09:00-12:00
週四14:30-17:50
週五18:30-21:30",B型肝炎疫苗、五合一疫苗、13價肺炎鏈球菌疫苗、水痘、麻疹腮腺炎德國麻疹混合疫苗、活性減毒日本腦炎疫苗、白喉破傷風非細胞性百日咳及不活化小兒麻痺混合疫苗、A型肝炎疫苗、卡介苗
104,蘆洲區,愛林鑫北診所,新北市蘆洲區長榮路96.98號,25.0863428,121.4601916,合約診所,"週一至週五08:00-12:00、15:00-18:00、18:30-21:30
週六、日8:00-12:00、15:00-18:00",B型肝炎疫苗、五合一疫苗、13價肺炎鏈球菌疫苗、水痘、麻疹腮腺炎德國麻疹混合疫苗、活性減毒日本腦炎疫苗、白喉破傷風非細胞性百日咳及不活化小兒麻痺混合疫苗、A型肝炎疫苗、卡介苗
105,蘆洲區,湯瑪士親子兒科診所,新北市蘆洲區民族路377號,25.090453,121.4699503,合約診所,"週一至週五08:30-12:00、15:00-18:00、18:30-21:30
週六、日08:30-12:00",B型肝炎疫苗、五合一疫苗、13價肺炎鏈球菌疫苗、水痘、麻疹腮腺炎德國麻疹混合疫苗、活性減毒日本腦炎疫苗、白喉破傷風非細胞性百日咳及不活化小兒麻痺混合疫苗、A型肝炎疫苗、卡介苗
106,蘆洲區,兒樂吉診所,新北市蘆洲區民族路267號,25.0906798,121.4761407,合約診所,週一至週日08:00-12:00、15:00-18:00、18:30-21:30,B型肝炎疫苗、五合一疫苗、13價肺炎鏈球菌疫苗、水痘、麻疹腮腺炎德國麻疹混合疫苗、活性減毒日本腦炎疫苗、白喉破傷風非細胞性百日咳及不活化小兒麻痺混合疫苗、A型肝炎疫苗
107,蘆洲區,宥生婦產科診所,新北市蘆洲區三民路13-15號,25.0822458,121.47562,合約診所,週一~週六09:00-12:00、14:30-18:00、19:00-22:00,B型肝炎疫苗、五合一疫苗、13價肺炎鏈球菌疫苗、水痘、麻疹腮腺炎德國麻疹混合疫苗、活性減毒日本腦炎疫苗、白喉破傷風非細胞性百日咳及不活化小兒麻痺混合疫苗、A型肝炎疫苗
108,蘆洲區,宥宥小兒科診所,新北市蘆洲區長榮路175號,25.0843268,121.4612621,合約診所,週一至週六08:30-11:30、15:00-17:30、18:30-21:00,B型肝炎疫苗、五合一疫苗、13價肺炎鏈球菌疫苗、水痘、麻疹腮腺炎德國麻疹混合疫苗、活性減毒日本腦炎疫苗、白喉破傷風非細胞性百日咳及不活化小兒麻痺混合疫苗、A型肝炎疫苗、卡介苗
109,蘆洲區,蘆洲李耳鼻喉科診所,新北市蘆洲區中華街63號1樓,25.0808251,121.4624123,合約診所,週一至週日早上8:00至晚上10:30,B型肝炎疫苗、五合一疫苗、13價肺炎鏈球菌疫苗、水痘、麻疹腮腺炎德國麻疹混合疫苗、活性減毒日本腦炎疫苗、白喉破傷風非細胞性百日咳及不活化小兒麻痺混合疫苗、A型肝炎疫苗
110,蘆洲區,杏東診所,新北市蘆洲區中正路9號,25.0818755,121.4717113,合約診所,週一至週六08:30-12:00、15:00-18:00、19:00-22:00,B型肝炎疫苗、五合一疫苗、13價肺炎鏈球菌疫苗、水痘、麻疹腮腺炎德國麻疹混合疫苗、活性減毒日本腦炎疫苗、白喉破傷風非細胞性百日咳及不活化小兒麻痺混合疫苗、A型肝炎疫苗
111,蘆洲區,本一診所,新北市蘆洲區長榮路43-1號1樓,25.0828287,121.4628265,合約診所,"週一至週四08:30-12:00、15:00-17:30、18:30-21:00
週六、日09:00-12:00",B型肝炎疫苗、五合一疫苗、13價肺炎鏈球菌疫苗、水痘、麻疹腮腺炎德國麻疹混合疫苗、活性減毒日本腦炎疫苗、白喉破傷風非細胞性百日咳及不活化小兒麻痺混合疫苗、A型肝炎疫苗
112,蘆洲區,宥宥婦幼診所,新北市蘆洲區長榮路58號,25.0833616,121.4628156,合約診所,"週一至週五上午8:00-12:00、下午14:30-20:30
週六上午8:00-12:00",B型肝炎疫苗、五合一疫苗、13價肺炎鏈球菌疫苗、水痘、麻疹腮腺炎德國麻疹混合疫苗、活性減毒日本腦炎疫苗、白喉破傷風非細胞性百日咳及不活化小兒麻痺混合疫苗、A型肝炎疫苗
113,蘆洲區,長榮耳鼻喉科診所,新北市蘆洲區長榮路15號1樓,25.0822619,121.463395,合約診所,"週一至週六08:30-12:00、15:00-18:00、19:00-22:00
週日08:30-12:00",B型肝炎疫苗、五合一疫苗、13價肺炎鏈球菌疫苗、水痘、麻疹腮腺炎德國麻疹混合疫苗、活性減毒日本腦炎疫苗、白喉破傷風非細胞性百日咳及不活化小兒麻痺混合疫苗、A型肝炎疫苗
114,蘆洲區,俊亨婦產科,新北市蘆洲區中山2路135號,25.0815228,121.4720432,合約診所,週一至週六上午9:00-12:00、下午14:30-18:00、晚間19:00-22:00,B型肝炎疫苗、五合一疫苗、13價肺炎鏈球菌疫苗、水痘、麻疹腮腺炎德國麻疹混合疫苗、活性減毒日本腦炎疫苗、白喉破傷風非細胞性百日咳及不活化小兒麻痺混合疫苗、A型肝炎疫苗
115,蘆洲區,愛樂親子診所,新北市蘆洲區長樂路168號,25.0909432,121.4625881,合約診所,"週一、二、四、五上午8:00-12:00、下午15:00-18:00、晚間18:30-21:00
週三上午8:00-12:00
週六、日上午9:00-12:00、15:00-18:00",B型肝炎疫苗、五合一疫苗、13價肺炎鏈球菌疫苗、水痘、麻疹腮腺炎德國麻疹混合疫苗、活性減毒日本腦炎疫苗、白喉破傷風非細胞性百日咳及不活化小兒麻痺混合疫苗、A型肝炎疫苗
116,新莊區,新莊惠欣婦產科小兒科診所,新北市新莊區建中街72之1號,25.0369973,121.4474682,合約診所,星期一至星期六9:00-12:00、14:30-18:00、18:30-21:30,B型肝炎疫苗、五合一疫苗、13價肺炎鏈球菌疫苗、水痘、麻疹腮腺炎德國麻疹混合疫苗、活性減毒日本腦炎疫苗、白喉破傷風非細胞性百日咳及不活化小兒麻痺混合疫苗、A型肝炎疫苗
117,新莊區,王榮文小兒科診所,新北市新莊區中和街149號,25.0493893,121.4472572,合約診所,星期一至星期六08:30-12:00、15:00-18:00、19:00-22:00,B型肝炎疫苗、五合一疫苗、13價肺炎鏈球菌疫苗、水痘、麻疹腮腺炎德國麻疹混合疫苗、活性減毒日本腦炎疫苗、白喉破傷風非細胞性百日咳及不活化小兒麻痺混合疫苗、A型肝炎疫苗
118,新莊區,衛生福利部臺北醫院,新北市新莊區思源路127號,25.0430059,121.4590085,合約診所,"星期一至星期五9:00-12:00、13:30-16:30
＊卡介苗為每個月1次.",B型肝炎疫苗、五合一疫苗、13價肺炎鏈球菌疫苗、水痘、麻疹腮腺炎德國麻疹混合疫苗、活性減毒日本腦炎疫苗、白喉破傷風非細胞性百日咳及不活化小兒麻痺混合疫苗、A型肝炎疫苗、B型肝炎免疫球蛋白
119,新莊區,祐幼小兒科診所,新北市新莊區民安西路21號,25.0213789,121.4271399,合約診所,"星期一至六8:00-12:00、14:30-18:00、19:00-22:00
星期日08:00-12:00
(星期日下午休診)",B型肝炎疫苗、五合一疫苗、13價肺炎鏈球菌疫苗、水痘、麻疹腮腺炎德國麻疹混合疫苗、活性減毒日本腦炎疫苗、白喉破傷風非細胞性百日咳及不活化小兒麻痺混合疫苗、A型肝炎疫苗
120,新莊區,曜生婦產科診所,新北市新莊區中正路243號,25.0041085,121.4221769,合約診所,"星期一至星期五09:00-12:00、14:30-20:20
星期六09:00-12:00",B型肝炎疫苗、五合一疫苗、13價肺炎鏈球菌疫苗、水痘、麻疹腮腺炎德國麻疹混合疫苗、活性減毒日本腦炎疫苗、白喉破傷風非細胞性百日咳及不活化小兒麻痺混合疫苗、A型肝炎疫苗、B型肝炎免疫球蛋白
121,新莊區,陳世昌婦產科診所,新北市新莊區後港一路100號,25.0267511,121.4278561,合約診所,"星期一至星期六08:30-12:00、15:00-18:00、19:00-20:00
(星期六晚上休診)",B型肝炎疫苗、五合一疫苗、13價肺炎鏈球菌疫苗、水痘、麻疹腮腺炎德國麻疹混合疫苗、活性減毒日本腦炎疫苗、白喉破傷風非細胞性百日咳及不活化小兒麻痺混合疫苗、A型肝炎疫苗
122,新莊區,志銘小兒科診所,新北市新莊區民安路168號,25.0242478,121.4247487,合約診所,"星期一至星期六8:00-12:00、14:30-18:00、19:00-22:00
星期日8:00-12:00",B型肝炎疫苗、五合一疫苗、13價肺炎鏈球菌疫苗、水痘、麻疹腮腺炎德國麻疹混合疫苗、活性減毒日本腦炎疫苗、白喉破傷風非細胞性百日咳及不活化小兒麻痺混合疫苗、A型肝炎疫苗
123,新莊區,宏祐診所,新北市新莊區中正路879-3號,25.026319,121.418059,合約診所,星期一至星期六8:30-12:00、15:00-18:00、18:30-21:30,B型肝炎疫苗、五合一疫苗、13價肺炎鏈球菌疫苗、水痘、麻疹腮腺炎德國麻疹混合疫苗、活性減毒日本腦炎疫苗、白喉破傷風非細胞性百日咳及不活化小兒麻痺混合疫苗、A型肝炎疫苗
124,新莊區,幸福小兒科診所,新北市新莊區幸福路729號,25.0490369,121.449262,合約診所,星期一至星期六9:00-12:00、15:00-18:00、19:00-22:00,B型肝炎疫苗、五合一疫苗、13價肺炎鏈球菌疫苗、水痘、麻疹腮腺炎德國麻疹混合疫苗、活性減毒日本腦炎疫苗、白喉破傷風非細胞性百日咳及不活化小兒麻痺混合疫苗、A型肝炎疫苗
125,新莊區,春詠診所,新北市新莊區龍安路278巷2號,25.0190394,121.4219885,合約診所,星期一至星期日8:00-12:00、15:00-18:00、18:30-21:30,B型肝炎疫苗、五合一疫苗、13價肺炎鏈球菌疫苗、水痘、麻疹腮腺炎德國麻疹混合疫苗、活性減毒日本腦炎疫苗、白喉破傷風非細胞性百日咳及不活化小兒麻痺混合疫苗、A型肝炎疫苗
126,新莊區,榜生婦產科診所,新北市新莊區龍安路339號,25.0192347,121.4227157,合約診所,"星期一、二、四、五、六9:00-12:00
星期一、星期五14:30-18:00
星期三18:30-21:30",B型肝炎疫苗、五合一疫苗、13價肺炎鏈球菌疫苗、水痘、麻疹腮腺炎德國麻疹混合疫苗、活性減毒日本腦炎疫苗、白喉破傷風非細胞性百日咳及不活化小兒麻痺混合疫苗、A型肝炎疫苗、B型肝炎免疫球蛋白
127,新莊區,衛生福利部樂生療養院,新北市新莊區中正路794號,25.0224955,121.4089468,合約診所,"星期一至星期五9:00-12:00、18:00-21:00
星期六9:00-12:00",B型肝炎疫苗、五合一疫苗、13價肺炎鏈球菌疫苗、水痘、麻疹腮腺炎德國麻疹混合疫苗、活性減毒日本腦炎疫苗、白喉破傷風非細胞性百日咳及不活化小兒麻痺混合疫苗、A型肝炎疫苗
128,新莊區,天佑診所,新北市新莊區幸福路670巷2弄21號,25.049665,121.4519966,合約診所,"週一至週六9:00-12:00、14:30-18:00、19:00-22:00
※週六晚診及週日休診
＊卡介苗為每週五下午14:00-16:00",B型肝炎疫苗、五合一疫苗、13價肺炎鏈球菌疫苗、水痘、麻疹腮腺炎德國麻疹混合疫苗、活性減毒日本腦炎疫苗、白喉破傷風非細胞性百日咳及不活化小兒麻痺混合疫苗、A型肝炎疫苗、卡介苗、育齡婦女MMR
129,新莊區,禾欣診所,新北市新莊區復興路1段91號1樓,25.0416023,121.4456222,合約診所,"星期一至星期五8:00-12:00
星期六15:00-18:00
星期五、星期六晚上18:30-21:30
（星期三晚上休診）",B型肝炎疫苗、五合一疫苗、13價肺炎鏈球菌疫苗、水痘、麻疹腮腺炎德國麻疹混合疫苗、活性減毒日本腦炎疫苗、白喉破傷風非細胞性百日咳及不活化小兒麻痺混合疫苗、A型肝炎疫苗
130,新莊區,樂寶兒婦幼診所,新北市新莊區中正路82-1號,25.0377193,121.4575958,合約診所,"星期一至星期五上午9:30-12:30、14:30-18:00、18:30-21:30
星期日9:30-12:30、14:30-18:00
＊卡介苗為星期三15:00-17:00
(星期六全天休診)",B型肝炎疫苗、五合一疫苗、13價肺炎鏈球菌疫苗、水痘、麻疹腮腺炎德國麻疹混合疫苗、活性減毒日本腦炎疫苗、白喉破傷風非細胞性百日咳及不活化小兒麻痺混合疫苗、A型肝炎疫苗、B型肝炎免疫球蛋白
131,新莊區,天給婦產科診所,新北市新莊區幸福路670巷2弄23號,25.049654,121.4520826,合約診所,星期一至星期六,B型肝炎疫苗、五合一疫苗、13價肺炎鏈球菌疫苗、水痘、麻疹腮腺炎德國麻疹混合疫苗、活性減毒日本腦炎疫苗、白喉破傷風非細胞性百日咳及不活化小兒麻痺混合疫苗、A型肝炎疫苗、B型肝炎免疫球蛋白
132,新莊區,公園診所,新北市新莊區公園路58號,25.039368,121.4494052,合約診所,"星期一至星期六8:45-12:00、15:00-17:30、18:30-21:30
(星期日全天休診)",B型肝炎疫苗、五合一疫苗、13價肺炎鏈球菌疫苗、水痘、麻疹腮腺炎德國麻疹混合疫苗、活性減毒日本腦炎疫苗、白喉破傷風非細胞性百日咳及不活化小兒麻痺混合疫苗、A型肝炎疫苗
133,新莊區,育慶小兒科診所,新北市新莊區民安西路195-1號,25.0150115,121.4261414,合約診所,"星期一至星期六8:30-12:00、15:30-18:30、18:30-21:30
星期日9:00-12:00、18:30-21:30",B型肝炎疫苗、五合一疫苗、13價肺炎鏈球菌疫苗、水痘、麻疹腮腺炎德國麻疹混合疫苗、活性減毒日本腦炎疫苗、白喉破傷風非細胞性百日咳及不活化小兒麻痺混合疫苗、A型肝炎疫苗
134,新莊區,建嘉小兒科診所,新北市新莊區中誠街40號,25.048214,121.4514179,合約診所,"星期一至星期六8:30-12:00、15:00-18:00、18:30-21:30
(星期日全天休診)",B型肝炎疫苗、五合一疫苗、13價肺炎鏈球菌疫苗、水痘、麻疹腮腺炎德國麻疹混合疫苗、活性減毒日本腦炎疫苗、白喉破傷風非細胞性百日咳及不活化小兒麻痺混合疫苗、A型肝炎疫苗
135,新莊區,軒琪耳鼻喉科診所,新北市新莊區富國路15號,25.0265384,121.4184811,合約診所,"星期一、三、五、日18:30-22:00
星期二、四、六15:30-18:30",B型肝炎疫苗、五合一疫苗、13價肺炎鏈球菌疫苗、水痘、麻疹腮腺炎德國麻疹混合疫苗、活性減毒日本腦炎疫苗、白喉破傷風非細胞性百日咳及不活化小兒麻痺混合疫苗、A型肝炎疫苗
136,新莊區,巧兒親子診所,新北市新莊區建中街92號1樓,25.036715,121.4468454,合約診所,週一至週日8:00-12:00、14:00-18:00、18:30-22:00,B型肝炎疫苗、五合一疫苗、13價肺炎鏈球菌疫苗、水痘、麻疹腮腺炎德國麻疹混合疫苗、活性減毒日本腦炎疫苗、白喉破傷風非細胞性百日咳及不活化小兒麻痺混合疫苗、A型肝炎疫苗
137,新莊區,立安耳鼻喉科診所,新北市新莊區福壽街134號1樓,25.0515898,121.4577821,合約診所,"星期一至星期六8:30-12:00、15:00-18:00、18:30-20:00
星期日8:30-12:00、18:30-22:00",B型肝炎疫苗、五合一疫苗、13價肺炎鏈球菌疫苗、水痘、麻疹腮腺炎德國麻疹混合疫苗、活性減毒日本腦炎疫苗、白喉破傷風非細胞性百日咳及不活化小兒麻痺混合疫苗、A型肝炎疫苗
138,新莊區,思賢診所,新北市新莊區自立街200號,25.045351,121.456737,合約診所,"週一至週五08:00-12:00、15:00-21:00
週六及週日08:00-12:00",B型肝炎疫苗、五合一疫苗、13價肺炎鏈球菌疫苗、水痘、麻疹腮腺炎德國麻疹混合疫苗、活性減毒日本腦炎疫苗、白喉破傷風非細胞性百日咳及不活化小兒麻痺混合疫苗、A型肝炎疫苗
139,新莊區,果仁小兒科診所,新北市新莊區中原路146號1樓,25.0545592,121.4551687,合約診所,"週ㄧ至週六08:00-12:00、15:00-21:00
週日08:00-12:00",B型肝炎疫苗、五合一疫苗、13價肺炎鏈球菌疫苗、水痘、麻疹腮腺炎德國麻疹混合疫苗、活性減毒日本腦炎疫苗、白喉破傷風非細胞性百日咳及不活化小兒麻痺混合疫苗、A型肝炎疫苗、育齡婦女MMR
140,新莊區,軒禾診所,新北市新莊區天祥街114號,25.0297467,121.4147915,合約診所,"週一至週日早上8:30-12:00、下午16:30-18:00、晚上18:30-21:30
週四上午休診",B型肝炎疫苗、五合一疫苗、13價肺炎鏈球菌疫苗、水痘、麻疹腮腺炎德國麻疹混合疫苗、活性減毒日本腦炎疫苗、白喉破傷風非細胞性百日咳及不活化小兒麻痺混合疫苗、A型肝炎疫苗
141,新莊區,張博堯診所,新北市新莊區中榮街116號1樓,25.0528856,121.4467645,合約診所,"星期一至星期六8:45-12:00、15:00-17:30、18:30-21:30
(星期日全天休診)",B型肝炎疫苗、五合一疫苗、13價肺炎鏈球菌疫苗、水痘、麻疹腮腺炎德國麻疹混合疫苗、活性減毒日本腦炎疫苗、白喉破傷風非細胞性百日咳及不活化小兒麻痺混合疫苗、A型肝炎疫苗
142,三峽區,行天宮醫療志業醫療財團法人恩主公醫院,新北市三峽區復興路399號,24.9383661,121.3630686,合約診所,"週二、四14:00-16:30
週五8:30~10:00(僅接種BCG)
週六8:00-11:30",B型肝炎疫苗、五合一疫苗、13價肺炎鏈球菌疫苗、水痘、麻疹腮腺炎德國麻疹混合疫苗、活性減毒日本腦炎疫苗、白喉破傷風非細胞性百日咳及不活化小兒麻痺混合疫苗、A型肝炎疫苗、卡介苗、B型肝炎免疫球蛋白
143,三峽區,悅兒診所,新北市三峽學成路329號,24.9451599,121.3771444,合約診所,週一至週六8:00-12:00、15:00-18:00、18:30-21:30,B型肝炎疫苗、五合一疫苗、13價肺炎鏈球菌疫苗、水痘、麻疹腮腺炎德國麻疹混合疫苗、活性減毒日本腦炎疫苗、白喉破傷風非細胞性百日咳及不活化小兒麻痺混合疫苗、A型肝炎疫苗
144,三峽區,永澄診所,新北市三峽光明路20號1樓,24.9308008,121.373406,合約診所,"週一至日上午8:30-12:00、14:00-17:00、18:00-21:00
國定假日上午8:30-12:00",B型肝炎疫苗、五合一疫苗、13價肺炎鏈球菌疫苗、水痘、麻疹腮腺炎德國麻疹混合疫苗、活性減毒日本腦炎疫苗、白喉破傷風非細胞性百日咳及不活化小兒麻痺混合疫苗、A型肝炎疫苗
145,三峽區,北大小兒科診所,新北市三峽大學路87號1樓,24.9417621,121.3758821,合約診所,"週一至週日8:00-12:00
週一至週六15:00-18:00、18:30-21:30",B型肝炎疫苗、五合一疫苗、13價肺炎鏈球菌疫苗、水痘、麻疹腮腺炎德國麻疹混合疫苗、活性減毒日本腦炎疫苗、白喉破傷風非細胞性百日咳及不活化小兒麻痺混合疫苗、A型肝炎疫苗
146,三峽區,詹小兒科診所,新北市三峽中華路13-6號,24.9318863,121.3740889,合約診所,"週一至週日8:00-12:00
週一至週六15:30-18:00、18:30-21:00",B型肝炎疫苗、五合一疫苗、13價肺炎鏈球菌疫苗、水痘、麻疹腮腺炎德國麻疹混合疫苗、活性減毒日本腦炎疫苗、白喉破傷風非細胞性百日咳及不活化小兒麻痺混合疫苗、A型肝炎疫苗
147,三峽區,星龍診所,新北市三峽區國際一街5號,24.94309,121.374561,合約診所,"週一至週六8:00-12:00、15:00-18:00、18:30-21:30
星期日8:00-12:00",B型肝炎疫苗、五合一疫苗、13價肺炎鏈球菌疫苗、水痘、麻疹腮腺炎德國麻疹混合疫苗、活性減毒日本腦炎疫苗、白喉破傷風非細胞性百日咳及不活化小兒麻痺混合疫苗、A型肝炎疫苗
148,鶯歌區,麥婦產科診所,新北市鶯歌區鶯桃路573號,24.968454,121.3296672,合約診所,星期一至星期六7:30-12:00、15:00-18:00、18:30-21:30,B型肝炎疫苗、五合一疫苗、13價肺炎鏈球菌疫苗、水痘、麻疹腮腺炎德國麻疹混合疫苗、活性減毒日本腦炎疫苗、白喉破傷風非細胞性百日咳及不活化小兒麻痺混合疫苗、A型肝炎疫苗、B型肝炎免疫球蛋白
149,鶯歌區,怡兒診所,新北市鶯歌區建國路173號,24.9534062,121.3499574,合約診所,星期一至星期六7:30-12:00、15:00-18:00、18:30-21:30,B型肝炎疫苗、五合一疫苗、13價肺炎鏈球菌疫苗、水痘、麻疹腮腺炎德國麻疹混合疫苗、活性減毒日本腦炎疫苗、白喉破傷風非細胞性百日咳及不活化小兒麻痺混合疫苗、A型肝炎疫苗
150,鶯歌區,金鶯診所,新北市鶯歌區國慶街167號,24.9529837,121.3513375,合約診所,星期一至星期日7:30-21:20,B型肝炎疫苗、五合一疫苗、13價肺炎鏈球菌疫苗、水痘、麻疹腮腺炎德國麻疹混合疫苗、活性減毒日本腦炎疫苗、白喉破傷風非細胞性百日咳及不活化小兒麻痺混合疫苗、A型肝炎疫苗
151,鶯歌區,崇文診所,新北市鶯歌區國慶街141號,24.9535613,121.3509337,合約診所,星期一至星期六8:00-12:00、14:00-18:00、18:30-21:30,B型肝炎疫苗、五合一疫苗、13價肺炎鏈球菌疫苗、水痘、麻疹腮腺炎德國麻疹混合疫苗、活性減毒日本腦炎疫苗、白喉破傷風非細胞性百日咳及不活化小兒麻痺混合疫苗、A型肝炎疫苗
152,淡水區,財團法人基督長老教會馬偕紀念醫院淡水分院,新北市淡水區民生路45號,25.1391203,121.4615903,合約診所,"星期一至星期五健兒門診
上午9:00-12:00
下午2:00-5:00
＊卡介苗(需掛號處先預約)
星期二上午9：00-12：00",B型肝炎疫苗、五合一疫苗、13價肺炎鏈球菌疫苗、水痘、麻疹腮腺炎德國麻疹混合疫苗、活性減毒日本腦炎疫苗、白喉破傷風非細胞性百日咳及不活化小兒麻痺混合疫苗、A型肝炎疫苗、卡介苗、育齡婦女MMR
153,淡水區,鴻恩診所,新北市淡水區民族路50巷1號1耬,25.13589,121.4616681,合約診所,"星期一至星期六
上午8:30-12:00
下午3:30-17:30
晚上6:00-9:00",B型肝炎疫苗、五合一疫苗、13價肺炎鏈球菌疫苗、水痘、麻疹腮腺炎德國麻疹混合疫苗、活性減毒日本腦炎疫苗、白喉破傷風非細胞性百日咳及不活化小兒麻痺混合疫苗、A型肝炎疫苗
154,淡水區,祐銘耳鼻喉科診所,新北市淡水區民族路31號,25.1361398,121.4619397,合約診所,"星期二至星期五
上午8:30-12:00
",B型肝炎疫苗、五合一疫苗、13價肺炎鏈球菌疫苗、水痘、麻疹腮腺炎德國麻疹混合疫苗、活性減毒日本腦炎疫苗、白喉破傷風非細胞性百日咳及不活化小兒麻痺混合疫苗、A型肝炎疫苗
155,淡水區,康如診所,新北市淡水區學府路24號1樓,25.168152,121.447751,合約診所,"星期二、五
上午9:00-12:00
下午3:00-6:00
晚上6:30-9:30
星期三
上午9:00-12:00
下午3:00-6:00
星期六
上午9:00-12:00",B型肝炎疫苗、五合一疫苗、13價肺炎鏈球菌疫苗、水痘、麻疹腮腺炎德國麻疹混合疫苗、活性減毒日本腦炎疫苗、白喉破傷風非細胞性百日咳及不活化小兒麻痺混合疫苗、A型肝炎疫苗
156,淡水區,黃秋陽診所,新北市淡水區中山路7號,25.1696509,121.444095,合約診所,"週一至週五
上午8:30-12:00
下午15:00-18:00
晚上19:00-21:30
週六
上午8:30-12:00
下午15:00-18:00",B型肝炎疫苗、五合一疫苗、13價肺炎鏈球菌疫苗、水痘、麻疹腮腺炎德國麻疹混合疫苗、活性減毒日本腦炎疫苗、白喉破傷風非細胞性百日咳及不活化小兒麻痺混合疫苗、A型肝炎疫苗
157,淡水區,陳世芳診所,新北市淡水區重建街198號,25.1743525,121.4410132,合約診所,"星期一至星期五
上午8:30-11:30
下午3:30-17:30
晚上7:00-9:00
星期六
上午8:30-11:30",B型肝炎疫苗、五合一疫苗、13價肺炎鏈球菌疫苗、水痘、麻疹腮腺炎德國麻疹混合疫苗、活性減毒日本腦炎疫苗、白喉破傷風非細胞性百日咳及不活化小兒麻痺混合疫苗、A型肝炎疫苗
158,淡水區,卓訓德診所,新北市淡水區新市一路3段36號1樓,25.1828276,121.4464137,合約診所,"星期一、星期三至星期日（週二休診）
上午8:30-12:00
下午2:30-6:00
晚上6:30-10:00",B型肝炎疫苗、五合一疫苗、13價肺炎鏈球菌疫苗、水痘、麻疹腮腺炎德國麻疹混合疫苗、活性減毒日本腦炎疫苗、白喉破傷風非細胞性百日咳及不活化小兒麻痺混合疫苗、A型肝炎疫苗
159,淡水區,劉小冰小兒科診所,新北市淡水區北新路175號,25.1796059,121.4506862,合約診所,"星期一至星期五
上午8:30-12:00
下午2:30-9:30
星期六
上午8:30-12:00",B型肝炎疫苗、五合一疫苗、13價肺炎鏈球菌疫苗、水痘、麻疹腮腺炎德國麻疹混合疫苗、活性減毒日本腦炎疫苗、白喉破傷風非細胞性百日咳及不活化小兒麻痺混合疫苗、A型肝炎疫苗
160,淡水區,瑞安診所,新北市淡水區北新路182巷61號,25.1772909,121.4477427,合約診所,"星期一至星期五
上午8:30-12:00
星期六、日、國定假日(需來電預約)
上午8:30-12:00",B型肝炎疫苗、五合一疫苗、13價肺炎鏈球菌疫苗、水痘、麻疹腮腺炎德國麻疹混合疫苗、活性減毒日本腦炎疫苗、白喉破傷風非細胞性百日咳及不活化小兒麻痺混合疫苗、A型肝炎疫苗
161,泰山區,王嘉興診所,新北市泰山區明志路1段271號,25.0581641,121.4327919,合約診所,星期一至星期日8:00-12:00、15:00-18:00、18:30-21:30,B型肝炎疫苗、五合一疫苗、13價肺炎鏈球菌疫苗、水痘、麻疹腮腺炎德國麻疹混合疫苗、活性減毒日本腦炎疫苗、白喉破傷風非細胞性百日咳及不活化小兒麻痺混合疫苗、A型肝炎疫苗
162,泰山區,輔仁大學學校財團法人輔仁大學附設醫院,新北市泰山區貴子路69號,25.0404811,121.4314868,合約診所,星期一至星期六7:30-12:00、15:00-18:00、18:30-21:30,B型肝炎疫苗、五合一疫苗、13價肺炎鏈球菌疫苗、水痘、麻疹腮腺炎德國麻疹混合疫苗、活性減毒日本腦炎疫苗、白喉破傷風非細胞性百日咳及不活化小兒麻痺混合疫苗、A型肝炎疫苗、卡介苗、B型肝炎免疫球蛋白
163,泰山區,永旭診所,新北市泰山區仁愛路112-2號,25.055585,121.4334729,合約診所,星期一至星期六7:30-12:00、15:00-18:00、18:30-21:30,B型肝炎疫苗、五合一疫苗、13價肺炎鏈球菌疫苗、水痘、麻疹腮腺炎德國麻疹混合疫苗、活性減毒日本腦炎疫苗、白喉破傷風非細胞性百日咳及不活化小兒麻痺混合疫苗、A型肝炎疫苗
164,泰山區,弘森診所,新北市泰山區明志路1段257號,25.0581641,121.4327919,合約診所,先預約查詢有無疫苗，再安排接種。,B型肝炎疫苗、五合一疫苗、13價肺炎鏈球菌疫苗、水痘、麻疹腮腺炎德國麻疹混合疫苗、活性減毒日本腦炎疫苗、白喉破傷風非細胞性百日咳及不活化小兒麻痺混合疫苗、A型肝炎疫苗
165,泰山區,佳欣診所,新北市泰山區明志路2段336號,25.0456527,121.4259653,合約診所,"星期一至星期五8:00:12:0014:30-17:3018:00-21:00(星期三下午休診)
星期六8:00-12:00",B型肝炎疫苗、五合一疫苗、13價肺炎鏈球菌疫苗、水痘、麻疹腮腺炎德國麻疹混合疫苗、活性減毒日本腦炎疫苗、白喉破傷風非細胞性百日咳及不活化小兒麻痺混合疫苗、A型肝炎疫苗
166,泰山區,泰和診所,新北市泰山區明志路2段62號,25.0527298,121.4290394,合約診所,"週一至週六早上8:00-12:00、14:00-17:30、18:30-21:00
星期六無夜診",B型肝炎疫苗、五合一疫苗、13價肺炎鏈球菌疫苗、水痘、麻疹腮腺炎德國麻疹混合疫苗、活性減毒日本腦炎疫苗、白喉破傷風非細胞性百日咳及不活化小兒麻痺混合疫苗、A型肝炎疫苗
167,土城區,永佳婦產專科診所,新北市土城區金城路2段250號,24.9832388,121.4572591,合約診所,"週一至週六9:00-11:30、14:30-17:00、18:30-21:30
卡介苗時間需電詢",B型肝炎疫苗、五合一疫苗、13價肺炎鏈球菌疫苗、水痘、麻疹腮腺炎德國麻疹混合疫苗、活性減毒日本腦炎疫苗、白喉破傷風非細胞性百日咳及不活化小兒麻痺混合疫苗、A型肝炎疫苗、卡介苗、B型肝炎免疫球蛋白、育齡婦女MMR
168,土城區,秀偉小兒科診所,新北市土城區金城路2段380號,24.9854467,121.4633119,合約診所,週一至週六8:00-17:00(中午不休診),B型肝炎疫苗、五合一疫苗、13價肺炎鏈球菌疫苗、水痘、麻疹腮腺炎德國麻疹混合疫苗、活性減毒日本腦炎疫苗、白喉破傷風非細胞性百日咳及不活化小兒麻痺混合疫苗、A型肝炎疫苗
169,土城區,土城診所,新北市土城區中央路2段177巷22號,24.9760331,121.4428391,合約診所,"週一至五上午9:00-12:00、下午16:00-21:00
週六上午9:00-12:00",B型肝炎疫苗、五合一疫苗、13價肺炎鏈球菌疫苗、水痘、麻疹腮腺炎德國麻疹混合疫苗、活性減毒日本腦炎疫苗、白喉破傷風非細胞性百日咳及不活化小兒麻痺混合疫苗、A型肝炎疫苗
170,土城區,維安小兒科診所,新北市土城區中央路1段67-2號,24.991566,121.448764,合約診所,"週一上午8:30-12:00、週二19:00-22:00
週三上午14:00-18:00、下午19:00-22:00
週四至週日8:30-12:00、14:00-18:00、19:00-22:00",B型肝炎疫苗、五合一疫苗、13價肺炎鏈球菌疫苗、水痘、麻疹腮腺炎德國麻疹混合疫苗、活性減毒日本腦炎疫苗、白喉破傷風非細胞性百日咳及不活化小兒麻痺混合疫苗、A型肝炎疫苗
171,土城區,維誠小兒科診所,新北市土城區中央路1段67-2號,24.991566,121.448764,合約診所,"週一8:30-12:00
週二19:00-22:00
週三14:00-18:00、19:00-22:00
週四至週日8:30-12:00、14:00-18:00、19:00-22:00",B型肝炎疫苗、五合一疫苗、13價肺炎鏈球菌疫苗、水痘、麻疹腮腺炎德國麻疹混合疫苗、活性減毒日本腦炎疫苗、白喉破傷風非細胞性百日咳及不活化小兒麻痺混合疫苗、A型肝炎疫苗
172,土城區,蔡永福小兒科診所,新北市土城區金城路3段176-1號,24.987737,121.46803,合約診所,"週一至五8:30-11:50、16:00-17:50、19:00-21:00
週六8:30-11:50",B型肝炎疫苗、五合一疫苗、13價肺炎鏈球菌疫苗、水痘、麻疹腮腺炎德國麻疹混合疫苗、活性減毒日本腦炎疫苗、白喉破傷風非細胞性百日咳及不活化小兒麻痺混合疫苗、A型肝炎疫苗
173,土城區,羅文亮小兒科診所,新北市土城區裕民路144號,24.9858579,121.4515704,合約診所,"週一至五8:30-12:00、14:30-17:30、18:30-21:30
週六8:30-12:00",B型肝炎疫苗、五合一疫苗、13價肺炎鏈球菌疫苗、水痘、麻疹腮腺炎德國麻疹混合疫苗、活性減毒日本腦炎疫苗、白喉破傷風非細胞性百日咳及不活化小兒麻痺混合疫苗、A型肝炎疫苗
174,土城區,吉康小兒科診所,新北市土城區學府路1段188號,24.9885054,121.459747,合約診所,"週一至五8:30-12:00、15:00-21:30
週六8:30-12:00、15:00-18:00
",B型肝炎疫苗、五合一疫苗、13價肺炎鏈球菌疫苗、水痘、麻疹腮腺炎德國麻疹混合疫苗、活性減毒日本腦炎疫苗、白喉破傷風非細胞性百日咳及不活化小兒麻痺混合疫苗、A型肝炎疫苗
175,土城區,洪正祝小兒科診所,新北市土城區延和路112號,24.9898109,121.467406,合約診所,"週一至六8:30-11:00、15:00-17:00、18:30-20:30
週日8:30-11:00",B型肝炎疫苗、五合一疫苗、13價肺炎鏈球菌疫苗、水痘、麻疹腮腺炎德國麻疹混合疫苗、活性減毒日本腦炎疫苗、白喉破傷風非細胞性百日咳及不活化小兒麻痺混合疫苗、A型肝炎疫苗
176,土城區,羅林小兒科診所,新北市土城區裕民路83號,24.9874533,121.4499838,合約診所,週一至日8:30-12:00、15:00-18:00、18:30-21:30,B型肝炎疫苗、五合一疫苗、13價肺炎鏈球菌疫苗、水痘、麻疹腮腺炎德國麻疹混合疫苗、活性減毒日本腦炎疫苗、白喉破傷風非細胞性百日咳及不活化小兒麻痺混合疫苗、A型肝炎疫苗
177,土城區,城林小兒科診所,新北市土城區中央路2段312號,24.9731023,121.4402983,合約診所,"週一至五9:00-12:00、15:00-18:00、18:30-21:30
週六9:00-12:00
週日休診",B型肝炎疫苗、五合一疫苗、13價肺炎鏈球菌疫苗、水痘、麻疹腮腺炎德國麻疹混合疫苗、活性減毒日本腦炎疫苗、白喉破傷風非細胞性百日咳及不活化小兒麻痺混合疫苗、A型肝炎疫苗
178,土城區,新北市立土城醫院(委託長庚醫療財團法人興建經營),新北市土城區金城路二段6號,24.9759558,121.4488072,合約診所,"週一08:30-11:30、13:30-16:30
週二08:30-11:30
週三08:30-11:30
週四13:30-16:30
週五08:30-11:30
週六08:30-11:30、13:30-16:30
週日休診
卡介苗時間每週一需電詢",B型肝炎疫苗、五合一疫苗、13價肺炎鏈球菌疫苗、水痘、麻疹腮腺炎德國麻疹混合疫苗、活性減毒日本腦炎疫苗、白喉破傷風非細胞性百日咳及不活化小兒麻痺混合疫苗、A型肝炎疫苗、卡介苗
179,中和區,尚安診所,新北市中和區莒光路154號,25.0005263,121.4725533,合約診所,"星期一至星期五8:00-12:00、15:00-18:00、18:30-21:30
星期六8:00-12:00、15:00-18:00
卡介苗採預約制",B型肝炎疫苗、五合一疫苗、13價肺炎鏈球菌疫苗、水痘、麻疹腮腺炎德國麻疹混合疫苗、活性減毒日本腦炎疫苗、白喉破傷風非細胞性百日咳及不活化小兒麻痺混合疫苗、A型肝炎疫苗、卡介苗
180,中和區,衛生福利部雙和醫院,新北市中和區中正路291號,24.9927442,121.4936559,合約診所,"星期一至星期五13:30-16:30
星期六08:30-12:00
＊卡介苗為星期五下午13:30-16:30",B型肝炎疫苗、五合一疫苗、13價肺炎鏈球菌疫苗、水痘、麻疹腮腺炎德國麻疹混合疫苗、活性減毒日本腦炎疫苗、白喉破傷風非細胞性百日咳及不活化小兒麻痺混合疫苗、A型肝炎疫苗、卡介苗、B型肝炎免疫球蛋白
181,汐止區,馨生婦產科小兒科診所,新北市汐止區福德二路215號1樓,25.0645669,121.6287083,合約診所,門診時間,B型肝炎疫苗、五合一疫苗、13價肺炎鏈球菌疫苗、水痘、麻疹腮腺炎德國麻疹混合疫苗、活性減毒日本腦炎疫苗、白喉破傷風非細胞性百日咳及不活化小兒麻痺混合疫苗、A型肝炎疫苗、卡介苗、育齡婦女MMR
182,汐止區,馨悅婦產科診所,新北市汐止區福德二路215號1樓,25.0645669,121.6287083,合約診所,新生兒出生24小時內,B型肝炎疫苗、五合一疫苗、13價肺炎鏈球菌疫苗、水痘、麻疹腮腺炎德國麻疹混合疫苗、活性減毒日本腦炎疫苗、白喉破傷風非細胞性百日咳及不活化小兒麻痺混合疫苗、A型肝炎疫苗、B型肝炎免疫球蛋白
183,汐止區,三益診所,新北市汐止區仁愛路187號,25.0654783,121.6643158,合約診所,"週一至週五08:30-12:00、15:00-18:00、18:30-21:30
週六08:30-12:00、19:00-21:30",B型肝炎疫苗、五合一疫苗、13價肺炎鏈球菌疫苗、水痘、麻疹腮腺炎德國麻疹混合疫苗、活性減毒日本腦炎疫苗、白喉破傷風非細胞性百日咳及不活化小兒麻痺混合疫苗、A型肝炎疫苗
184,汐止區,弘人小兒科診所,新北市汐止區福德二路152號,25.0651025,121.6303156,合約診所,門診時間,B型肝炎疫苗、五合一疫苗、13價肺炎鏈球菌疫苗、水痘、麻疹腮腺炎德國麻疹混合疫苗、活性減毒日本腦炎疫苗、白喉破傷風非細胞性百日咳及不活化小兒麻痺混合疫苗、A型肝炎疫苗
185,汐止區,吳婦產科診所,新北市汐止區大同路2段171號1樓,25.0644989,121.6514125,合約診所,"週一至週五09:00-12:00、14:00-17:00
周六09:00-12:00",B型肝炎疫苗、五合一疫苗、13價肺炎鏈球菌疫苗、水痘、麻疹腮腺炎德國麻疹混合疫苗、活性減毒日本腦炎疫苗、白喉破傷風非細胞性百日咳及不活化小兒麻痺混合疫苗、A型肝炎疫苗、卡介苗
186,汐止區,德祐小兒科診所,新北市汐止區福德一路117-1號,25.0676904,121.6375767,合約診所,"早上8:30-12:00
下午15:00-18:00
晚上18:00-21:30",B型肝炎疫苗、五合一疫苗、13價肺炎鏈球菌疫苗、水痘、麻疹腮腺炎德國麻疹混合疫苗、活性減毒日本腦炎疫苗、白喉破傷風非細胞性百日咳及不活化小兒麻痺混合疫苗、A型肝炎疫苗
187,汐止區,顏志瑋診所,新北市汐止區建成路18號,25.0725842,121.6649088,合約診所,"週一至週六開診時間
早診8:40-12:10晚診5:00-9:30
週二早診及周四晚診休診
週六早診8:40-12:10",B型肝炎疫苗、五合一疫苗、13價肺炎鏈球菌疫苗、水痘、麻疹腮腺炎德國麻疹混合疫苗、活性減毒日本腦炎疫苗、白喉破傷風非細胞性百日咳及不活化小兒麻痺混合疫苗、A型肝炎疫苗
188,汐止區,羅小兒科診所,新北市汐止區忠孝東路244號,25.0671294,121.6627518,合約診所,"門診時間
週一至週五上午8:30-12:00下午6:30-9:00
週六上午8:30-12:00",B型肝炎疫苗、五合一疫苗、13價肺炎鏈球菌疫苗、水痘、麻疹腮腺炎德國麻疹混合疫苗、活性減毒日本腦炎疫苗、白喉破傷風非細胞性百日咳及不活化小兒麻痺混合疫苗、A型肝炎疫苗
189,汐止區,蘇小兒科診所,新北市汐止區福德一路245號,25.0647016,121.6338374,合約診所,08:30-12:00、15:00-18:00、18:30-21:30,B型肝炎疫苗、五合一疫苗、13價肺炎鏈球菌疫苗、水痘、麻疹腮腺炎德國麻疹混合疫苗、活性減毒日本腦炎疫苗、白喉破傷風非細胞性百日咳及不活化小兒麻痺混合疫苗、A型肝炎疫苗
190,汐止區,雙雙小兒科診所,新北市汐止區明峰街143號,25.0705299,121.629682,合約診所,週一至週六上午08:00-11:30、下午16:00-21:00,B型肝炎疫苗、五合一疫苗、13價肺炎鏈球菌疫苗、水痘、麻疹腮腺炎德國麻疹混合疫苗、活性減毒日本腦炎疫苗、白喉破傷風非細胞性百日咳及不活化小兒麻痺混合疫苗、A型肝炎疫苗
191,汐止區,福德診所,新北市汐止區福德二路171號,25.0650843,121.6307588,合約診所,"星期一到五8:30-11:50、16:00-21:00
星期六8:30-11:50",B型肝炎疫苗、五合一疫苗、13價肺炎鏈球菌疫苗、水痘、麻疹腮腺炎德國麻疹混合疫苗、活性減毒日本腦炎疫苗、白喉破傷風非細胞性百日咳及不活化小兒麻痺混合疫苗、A型肝炎疫苗
192,汐止區,洪振凱診所,新北市汐止區樟樹1路136號,25.0329694,121.5654177,合約診所,週一至週六08:30-12:00、15:00-18:00、18:30-21:30,B型肝炎疫苗、五合一疫苗、13價肺炎鏈球菌疫苗、水痘、麻疹腮腺炎德國麻疹混合疫苗、活性減毒日本腦炎疫苗、白喉破傷風非細胞性百日咳及不活化小兒麻痺混合疫苗、A型肝炎疫苗
193,汐止區,國泰醫療財團法人汐止國泰綜合醫院,新北市汐止區建成路59巷2號,25.0729852,121.6609281,合約診所,"週一至週五8:30-12:30、13:30-21:00
(兒科夜間疫苗注射限周三、周五【報到截止時間20:00】；卡介苗注射請依門診表公告為準)
▲以上服務皆須配合門診報到看診作業時間",B型肝炎疫苗、五合一疫苗、13價肺炎鏈球菌疫苗、水痘、麻疹腮腺炎德國麻疹混合疫苗、活性減毒日本腦炎疫苗、白喉破傷風非細胞性百日咳及不活化小兒麻痺混合疫苗、A型肝炎疫苗、卡介苗、B型肝炎免疫球蛋白
194,中和區,王俊傑診所,新北市中和區中安街8號,25.0034323,121.5134921,合約診所,"週一至週五上午8:30-12:00、下午15:00-18:00、晚上18:30-21:30
週六上午9:00-12:00
週日上午9:00-12:00、晚上18:30-21:00",B型肝炎疫苗、五合一疫苗、13價肺炎鏈球菌疫苗、水痘、麻疹腮腺炎德國麻疹混合疫苗、活性減毒日本腦炎疫苗、白喉破傷風非細胞性百日咳及不活化小兒麻痺混合疫苗、A型肝炎疫苗
195,中和區,中和仁安診所,新北市中和區自強路58號,24.9945979,121.5198389,合約診所,"星期一至星期五08:30-12:00、17:00-21:00
星期六08:30-12:00",B型肝炎疫苗、五合一疫苗、13價肺炎鏈球菌疫苗、水痘、麻疹腮腺炎德國麻疹混合疫苗、活性減毒日本腦炎疫苗、白喉破傷風非細胞性百日咳及不活化小兒麻痺混合疫苗、A型肝炎疫苗
196,中和區,陳建良耳鼻喉科診所,新北市中和區景新街465號,24.9881749,121.5134093,合約診所,"星期一至星期五08:30-12:00、15:00-18:00、19:00-21:30
星期六08:30-12:00、15:00-18:00",B型肝炎疫苗、五合一疫苗、13價肺炎鏈球菌疫苗、水痘、麻疹腮腺炎德國麻疹混合疫苗、活性減毒日本腦炎疫苗、白喉破傷風非細胞性百日咳及不活化小兒麻痺混合疫苗、A型肝炎疫苗
197,中和區,尚安診所,新北市中和區莒光路154號,25.0005263,121.4725533,合約診所,"星期一至星期五8:00-12:00、15:00-18:00、18:30-21:30
星期六8:00-12:00、15:00-18:00
卡介苗採預約制",B型肝炎疫苗、五合一疫苗、13價肺炎鏈球菌疫苗、水痘、麻疹腮腺炎德國麻疹混合疫苗、活性減毒日本腦炎疫苗、白喉破傷風非細胞性百日咳及不活化小兒麻痺混合疫苗、A型肝炎疫苗、卡介苗
198,中和區,廣祥診所,新北市中和區興南路二段29號1樓,24.9858239,121.5079625,合約診所,"星期一至星期六08:30-12:00、14:30-18:00、18:30-22:00
星期日09:00-12:00、18:30-21:00",B型肝炎疫苗、五合一疫苗、13價肺炎鏈球菌疫苗、水痘、麻疹腮腺炎德國麻疹混合疫苗、活性減毒日本腦炎疫苗、白喉破傷風非細胞性百日咳及不活化小兒麻痺混合疫苗、A型肝炎疫苗
199,中和區,坤暉小兒專科,新北市中和區中山路3段94號,25.0058712,121.4773893,合約診所,"星期二至星期五08:30-12:00、15:00-18:00、19:00-21:30
星期六上午09:00-12:00",B型肝炎疫苗、五合一疫苗、13價肺炎鏈球菌疫苗、水痘、麻疹腮腺炎德國麻疹混合疫苗、活性減毒日本腦炎疫苗、白喉破傷風非細胞性百日咳及不活化小兒麻痺混合疫苗、A型肝炎疫苗
200,中和區,馮泰龍小兒科診所,新北市中和區南華路21號,24.9960063,121.5027562,合約診所,"星期一至星期五08:30-12:00、16:00-18:00、19:00-21:30
星期六08:30-12:00、18:00-21:00",B型肝炎疫苗、五合一疫苗、13價肺炎鏈球菌疫苗、水痘、麻疹腮腺炎德國麻疹混合疫苗、活性減毒日本腦炎疫苗、白喉破傷風非細胞性百日咳及不活化小兒麻痺混合疫苗、A型肝炎疫苗
201,中和區,黃基家小兒科診所,新北市中和區景平路485號,24.9975224,121.5001472,合約診所,星期一至星期六8:20-12:10、14:50-18:00、18:30-21:30,B型肝炎疫苗、五合一疫苗、13價肺炎鏈球菌疫苗、水痘、麻疹腮腺炎德國麻疹混合疫苗、活性減毒日本腦炎疫苗、白喉破傷風非細胞性百日咳及不活化小兒麻痺混合疫苗、A型肝炎疫苗
202,中和區,友善宜安診所,新北市中和區保健路73巷73號,24.9972532,121.5109317,合約診所,"星期一、星期二、星期四、星期五09:00-12:05、15:00-21:00
星期三09:00-12:00、15:00-21:00
星期六09:00-12:05",B型肝炎疫苗、五合一疫苗、13價肺炎鏈球菌疫苗、水痘、麻疹腮腺炎德國麻疹混合疫苗、活性減毒日本腦炎疫苗、白喉破傷風非細胞性百日咳及不活化小兒麻痺混合疫苗、A型肝炎疫苗
203,中和區,余泰昌小兒科診所,新北市中和區宜安路134-1號,24.9984779,121.5097514,合約診所,星期一至星期六9:00-12:00、16:00-21:30,B型肝炎疫苗、五合一疫苗、13價肺炎鏈球菌疫苗、水痘、麻疹腮腺炎德國麻疹混合疫苗、活性減毒日本腦炎疫苗、白喉破傷風非細胞性百日咳及不活化小兒麻痺混合疫苗、A型肝炎疫苗
204,中和區,蕙生醫院,新北市中和區中山路二段551號,25.0054809,121.4809212,合約診所,"星期一至星期五09:00-11:30、14:30-17:30、19:00-21:30
星期六09:00-11:30、14:30-17:30",B型肝炎疫苗、五合一疫苗、13價肺炎鏈球菌疫苗、水痘、麻疹腮腺炎德國麻疹混合疫苗、活性減毒日本腦炎疫苗、白喉破傷風非細胞性百日咳及不活化小兒麻痺混合疫苗、A型肝炎疫苗、B型肝炎免疫球蛋白
205,中和區,快樂小兒科診所,新北市中和區景安路215號1樓,24.991442,121.5044519,合約診所,"星期一至星期日8:00-12:00
星期一至星期五18:30-21:30",B型肝炎疫苗、五合一疫苗、13價肺炎鏈球菌疫苗、水痘、麻疹腮腺炎德國麻疹混合疫苗、活性減毒日本腦炎疫苗、白喉破傷風非細胞性百日咳及不活化小兒麻痺混合疫苗、A型肝炎疫苗
206,中和區,安平家診所,新北市中和區安平路89號,24.9965365,121.5107406,合約診所,"週一、三、五9:00-12:00、16:00-21:30
週二、四、日16:00-21:30",B型肝炎疫苗、五合一疫苗、13價肺炎鏈球菌疫苗、水痘、麻疹腮腺炎德國麻疹混合疫苗、活性減毒日本腦炎疫苗、白喉破傷風非細胞性百日咳及不活化小兒麻痺混合疫苗、A型肝炎疫苗
207,中和區,通安診所,新北市中和區南山路45號,24.9986069,121.5022981,合約診所,"星期一至星期五8:30-18:00、18:40-21:30
星期六8:30-12:00、15:00-17:30
國定假日請先來電",B型肝炎疫苗、五合一疫苗、13價肺炎鏈球菌疫苗、水痘、麻疹腮腺炎德國麻疹混合疫苗、活性減毒日本腦炎疫苗、白喉破傷風非細胞性百日咳及不活化小兒麻痺混合疫苗、A型肝炎疫苗
208,中和區,嘉櫻診所,新北市中和區連城路356號1F,24.9956408,121.4821424,合約診所,週一至六9:00-12:00、15:00-18:00、18:30-21:30,B型肝炎疫苗、五合一疫苗、13價肺炎鏈球菌疫苗、水痘、麻疹腮腺炎德國麻疹混合疫苗、活性減毒日本腦炎疫苗、白喉破傷風非細胞性百日咳及不活化小兒麻痺混合疫苗、A型肝炎疫苗
209,中和區,正生婦幼聯合診所,新北市中和區中正路122號,24.9939783,121.4996231,合約診所,"週一至週六:09:00-13:00
週一至週四18:00-21:30
週五19:00-21:30",B型肝炎疫苗、五合一疫苗、13價肺炎鏈球菌疫苗、水痘、麻疹腮腺炎德國麻疹混合疫苗、活性減毒日本腦炎疫苗、白喉破傷風非細胞性百日咳及不活化小兒麻痺混合疫苗、A型肝炎疫苗
210,中和區,黃呈鵬小兒科診所,新北市中和區興南路一段124號1F,24.9884889,121.5093763,合約診所,"週一至週五9:00-12:00、15:00-18:00、19:00-21:30
週四(午)休診9:00-12:00、19:00-21:30
星期六9:00-12:00",B型肝炎疫苗、五合一疫苗、13價肺炎鏈球菌疫苗、水痘、麻疹腮腺炎德國麻疹混合疫苗、活性減毒日本腦炎疫苗、白喉破傷風非細胞性百日咳及不活化小兒麻痺混合疫苗、A型肝炎疫苗
211,中和區,曾咸統小兒科診所,新北市中和區景安路229號,24.991128,121.5042742,合約診所,"週一至週六08:00-11:00、15:00-18:30、19:00-21:30
週日休診
國定假日正常看診",B型肝炎疫苗、五合一疫苗、13價肺炎鏈球菌疫苗、水痘、麻疹腮腺炎德國麻疹混合疫苗、活性減毒日本腦炎疫苗、白喉破傷風非細胞性百日咳及不活化小兒麻痺混合疫苗、A型肝炎疫苗
212,中和區,育晨診所,新北市中和區自立路37號,24.9952863,121.5222206,合約診所,"週一、二、四、五上午8:30-12:00、下午16:00-18:00、晚上18:35-21:00
週三下午16:00-21:30
週日上午8:30-12:00、下午18:30-21:00
週六休診",B型肝炎疫苗、五合一疫苗、13價肺炎鏈球菌疫苗、水痘、麻疹腮腺炎德國麻疹混合疫苗、活性減毒日本腦炎疫苗、白喉破傷風非細胞性百日咳及不活化小兒麻痺混合疫苗、A型肝炎疫苗
213,中和區,佳新診所,新北市中和區大勇街23號,24.9929018,121.5171186,合約診所,週一至週六早上8:30-12:00、下午16:00-18:30、晚上19:00-21:30,B型肝炎疫苗、五合一疫苗、13價肺炎鏈球菌疫苗、水痘、麻疹腮腺炎德國麻疹混合疫苗、活性減毒日本腦炎疫苗、白喉破傷風非細胞性百日咳及不活化小兒麻痺混合疫苗、A型肝炎疫苗
214,新店區,呈恩診所,新北市新店區安康路2段146號,24.9615574,121.5122943,合約診所,"週一至週五上午9:00-12:00、下午15:00-18:00、晚上19:00:21:30
週六上午9:00-12:00、下午15:00-18:00",B型肝炎疫苗、五合一疫苗、13價肺炎鏈球菌疫苗、水痘、麻疹腮腺炎德國麻疹混合疫苗、活性減毒日本腦炎疫苗、白喉破傷風非細胞性百日咳及不活化小兒麻痺混合疫苗、A型肝炎疫苗
215,新店區,加加小兒科診所,新北市新店區玫瑰路14號,24.9504049,121.4945613,合約診所,"星期一至星期五9:00-12:00
星期一、三、四、五17:30-21:30",B型肝炎疫苗、五合一疫苗、13價肺炎鏈球菌疫苗、水痘、麻疹腮腺炎德國麻疹混合疫苗、活性減毒日本腦炎疫苗、白喉破傷風非細胞性百日咳及不活化小兒麻痺混合疫苗、A型肝炎疫苗
216,新店區,聖康小兒科診所,新北市新店區北新路三段104號,24.9812796,121.5419896,合約診所,"星期一至星期五8:30-12:00、15:00-18:00、18:30-21:30
星期六8:30-12:00、15:00-18:00
星期日08:30-12:00門診結束前10分鐘停止掛號",B型肝炎疫苗、五合一疫苗、13價肺炎鏈球菌疫苗、水痘、麻疹腮腺炎德國麻疹混合疫苗、活性減毒日本腦炎疫苗、白喉破傷風非細胞性百日咳及不活化小兒麻痺混合疫苗、A型肝炎疫苗
217,新店區,佛教慈濟醫療財團法人台北慈濟醫院,新北市新店區建國路289號,24.9861221,121.5355355,合約診所,"週日全天休診
週一至週五13:30-17:00
週六8:30-12:00
卡介苗週二:15:30-17:00",B型肝炎疫苗、五合一疫苗、13價肺炎鏈球菌疫苗、水痘、麻疹腮腺炎德國麻疹混合疫苗、活性減毒日本腦炎疫苗、白喉破傷風非細胞性百日咳及不活化小兒麻痺混合疫苗、A型肝炎疫苗、卡介苗、B型肝炎免疫球蛋白、育齡婦女MMR
218,新店區,邱?凱小兒科診所,新北市新店區建國路226號,24.9814439,121.5377856,合約診所,"星期一至五早上8:30-12:00、下午4:00-6:00、晚上6:30-9:30(星期四只看夜診)
星期六至日早上9:00-12:00、下午4:00-6:00(星期日下午休診)、晚上6:30-9:30",B型肝炎疫苗、五合一疫苗、13價肺炎鏈球菌疫苗、水痘、麻疹腮腺炎德國麻疹混合疫苗、活性減毒日本腦炎疫苗、白喉破傷風非細胞性百日咳及不活化小兒麻痺混合疫苗、A型肝炎疫苗
219,新店區,聖新診所,新北市新店區寶橋路4號1樓,24.9738892,121.5434198,合約診所,"星期一至星期六8:00-12:00、15:00-18:00、18:30-22:00
星期日8:30開始",B型肝炎疫苗、五合一疫苗、13價肺炎鏈球菌疫苗、水痘、麻疹腮腺炎德國麻疹混合疫苗、活性減毒日本腦炎疫苗、白喉破傷風非細胞性百日咳及不活化小兒麻痺混合疫苗、A型肝炎疫苗
220,新店區,高兒科診所,新北市新店區安成街38號,24.9611913,121.5100236,合約診所,"週一至週五08:30-12:00、17:00-21:30
週六08:30-12:00",B型肝炎疫苗、五合一疫苗、13價肺炎鏈球菌疫苗、水痘、麻疹腮腺炎德國麻疹混合疫苗、活性減毒日本腦炎疫苗、白喉破傷風非細胞性百日咳及不活化小兒麻痺混合疫苗、A型肝炎疫苗
221,新店區,財團法人天主教耕莘醫院,新北市新店區中正路362號,24.9763593,121.5359298,合約診所,"週日全天休診
週一至週五9:00-12:00、14:00-17:00、18:30-21:00
週六9:00-12:00
卡介苗為週五上午10:00-12:00",B型肝炎疫苗、五合一疫苗、13價肺炎鏈球菌疫苗、水痘、麻疹腮腺炎德國麻疹混合疫苗、活性減毒日本腦炎疫苗、白喉破傷風非細胞性百日咳及不活化小兒麻痺混合疫苗、A型肝炎疫苗、卡介苗、B型肝炎免疫球蛋白、育齡婦女MMR
222,新店區,財團法人天主教耕莘醫院安康院區,新北市新店區車子路15號,24.9538103,121.503792,合約診所,"週日全天休診
週一至週五9:00-12:00、14:00-17:00、18:30-20:30
週六9:00-12:00
",B型肝炎疫苗、五合一疫苗、13價肺炎鏈球菌疫苗、水痘、麻疹腮腺炎德國麻疹混合疫苗、活性減毒日本腦炎疫苗、白喉破傷風非細胞性百日咳及不活化小兒麻痺混合疫苗、A型肝炎疫苗、育齡婦女MMR
223,新店區,幼安小兒科診所,新北市新店區安康路二段99號,24.96263,121.5130168,合約診所,"週一至週五早上9:00-12:00、下午4:00-6:00
週六早上9:00-12:00",B型肝炎疫苗、五合一疫苗、13價肺炎鏈球菌疫苗、水痘、麻疹腮腺炎德國麻疹混合疫苗、活性減毒日本腦炎疫苗、白喉破傷風非細胞性百日咳及不活化小兒麻痺混合疫苗、A型肝炎疫苗
224,"
新店區",陳正宗診所,新北市新店區中正路241號,24.9731848,121.5391914,合約診所,週一至週六早上8:30-12:00、下午15:00-18:00、晚上18:30-21:30,B型肝炎疫苗、五合一疫苗、13價肺炎鏈球菌疫苗、水痘、麻疹腮腺炎德國麻疹混合疫苗、活性減毒日本腦炎疫苗、白喉破傷風非細胞性百日咳及不活化小兒麻痺混合疫苗、A型肝炎疫苗
225,"
新店區",碧潭診所,新北市新店區北新路一段21號,24.9590701,121.5377199,合約診所,"週一至週五上午8:30-12:00、下午15:30-18:00、晚上18:00-21:00
週六上午8:30-12:00",B型肝炎疫苗、五合一疫苗、13價肺炎鏈球菌疫苗、水痘、麻疹腮腺炎德國麻疹混合疫苗、活性減毒日本腦炎疫苗、白喉破傷風非細胞性百日咳及不活化小兒麻痺混合疫苗、A型肝炎疫苗
226,新店區,護康診所,新北市新店區安成街32號,24.9610976,121.5101281,合約診所,"週日全天休診
週一至週六早上08:30-12:30、晚上17:30-21:30",B型肝炎疫苗、五合一疫苗、13價肺炎鏈球菌疫苗、水痘、麻疹腮腺炎德國麻疹混合疫苗、活性減毒日本腦炎疫苗、白喉破傷風非細胞性百日咳及不活化小兒麻痺混合疫苗、A型肝炎疫苗
227,新店區,曾俊睿小兒科診所,新北市新店區寶橋路54號,24.9752636,121.5460209,合約診所,"週一至週六上午8:00-12:00、下午16:00-18:00、晚上18:30-21:30
週六上午9:00開始掛號",B型肝炎疫苗、五合一疫苗、13價肺炎鏈球菌疫苗、水痘、麻疹腮腺炎德國麻疹混合疫苗、活性減毒日本腦炎疫苗、白喉破傷風非細胞性百日咳及不活化小兒麻痺混合疫苗、A型肝炎疫苗
228,新店區,全康診所,新北市新店區溪園路383號1樓,24.979483,121.5235333,合約診所,"週一上午8:30-12:00、下午16：00-18：00、晚上18:30-21:30
週二至週六上午8:30-12:00、晚上18:30-21:30",B型肝炎疫苗、五合一疫苗、13價肺炎鏈球菌疫苗、水痘、麻疹腮腺炎德國麻疹混合疫苗、活性減毒日本腦炎疫苗、白喉破傷風非細胞性百日咳及不活化小兒麻痺混合疫苗、A型肝炎疫苗
