seqno,hosp_id,區域,hosp_name,tel,extension,地址,type,time,vaccine,twd97x,twd97y,wgs84ax,wgs84ay,date
1,3531150118,五股區,黃志勳診所,(02)22910978,,新北市五股區成泰路2段69號,合約診所,"週一至週六早上08:30-12:00、下午14:30-18:00
晚上18:45-21:30",B型肝炎疫苗、五合一疫苗、13價肺炎鏈球菌疫苗、水痘、麻疹腮腺炎德國麻疹混合疫苗、活性減毒日本腦炎疫苗、白喉破傷風非細胞性百日咳及不活化小兒麻痺混合疫苗、A型肝炎疫苗,,,,,20230731
2,3531150216,五股區,鴻佑診所,(02)82950772,,新北市五股區成泰路2段61號,合約診所,"週一至四、六早上08:30-12:00、下午15:00-18:00、晚上19:00-22:00
週五早上08:30-12:00、下午15:00-18:00
週日早上08:30-12:00",B型肝炎疫苗、五合一疫苗、13價肺炎鏈球菌疫苗、水痘、麻疹腮腺炎德國麻疹混合疫苗、活性減毒日本腦炎疫苗、白喉破傷風非細胞性百日咳及不活化小兒麻痺混合疫苗、A型肝炎疫苗,,,,,20230731
3,3531151517,五股區,祐聖診所,(02)82921335,,新北市五股區五福路34號,合約診所,"週一至週六下午14:30-18:00、晚上18:30-21:30
◎13價肺炎鏈球菌疫苗及日本腦炎活性減毒疫苗，僅週四、五下午14:30-18:00",B型肝炎疫苗、五合一疫苗、13價肺炎鏈球菌疫苗、水痘、麻疹腮腺炎德國麻疹混合疫苗、活性減毒日本腦炎疫苗、白喉破傷風非細胞性百日咳及不活化小兒麻痺混合疫苗、A型肝炎疫苗,,,,,20230731
4,3531151731,五股區,五股水碓診所,(02)22921516,,新北市五股區自強路36號,合約診所,"週一至週五早上08:30-12:00、下午15:30-18:00
晚上18:30-21:00
週六早上08:30-12:00",B型肝炎疫苗、五合一疫苗、13價肺炎鏈球菌疫苗、水痘、麻疹腮腺炎德國麻疹混合疫苗、活性減毒日本腦炎疫苗、白喉破傷風非細胞性百日咳及不活化小兒麻痺混合疫苗、A型肝炎疫苗,,,,,20230731
5,3531151562,五股區,嘉安小兒科診所,(02)22935100,,新北市五股區凌雲路1段72號,合約診所,"週一至週六早上08:00-11:50、下午15:00-17:50
晚上18:30-20:50",B型肝炎疫苗、五合一疫苗、13價肺炎鏈球菌疫苗、水痘、麻疹腮腺炎德國麻疹混合疫苗、活性減毒日本腦炎疫苗、白喉破傷風非細胞性百日咳及不活化小兒麻痺混合疫苗、A型肝炎疫苗,,,,,20230731
6,3531171402,林口區,麗林耳鼻喉科診所,(02)26082795,,新北市林口區忠孝路379號1樓,合約診所,"週一至週五早上8:30-12:00、下午15:00-18:00、晚上18:30-21:30
週六早上8:30-12:00、下午15:00-18:00
週日早上8:30-12:00",B型肝炎疫苗、五合一疫苗、13價肺炎鏈球菌疫苗、水痘、麻疹腮腺炎德國麻疹混合疫苗、活性減毒日本腦炎疫苗、白喉破傷風非細胞性百日咳及不活化小兒麻痺混合疫苗、A型肝炎疫苗,,,,,20230731
7,3531171368,林口區,侯志龍小兒科診所,(02)26089001,,新北市林口區公園路25號,合約診所,週一至週日早上8:30-12:00、下午15:00-17:45、晚上18:30-22:00,B型肝炎疫苗、五合一疫苗、13價肺炎鏈球菌疫苗、水痘、麻疹腮腺炎德國麻疹混合疫苗、活性減毒日本腦炎疫苗、白喉破傷風非細胞性百日咳及不活化小兒麻痺混合疫苗、A型肝炎疫苗,,,,,20230731
8,3531171484,林口區,未來小兒科診所,(02)26029090,,新北市文化二路一段577號1樓,合約診所,"週一至週日早上8:30-12:00、下午15:00-18:00、晚上18:30-21:30
◎週日下午休診",B型肝炎疫苗、五合一疫苗、13價肺炎鏈球菌疫苗、水痘、麻疹腮腺炎德國麻疹混合疫苗、活性減毒日本腦炎疫苗、白喉破傷風非細胞性百日咳及不活化小兒麻痺混合疫苗、A型肝炎疫苗,,,,,20230731
9,3531171439,林口區,黃紹基診所,(02)26005385,,新北市林口區民有街156號,合約診所,週一至週日上午8:30-12:00、下午15:00-18:00、晚上18:30-21:30,B型肝炎疫苗、五合一疫苗、13價肺炎鏈球菌疫苗、水痘、麻疹腮腺炎德國麻疹混合疫苗、活性減毒日本腦炎疫苗、白喉破傷風非細胞性百日咳及不活化小兒麻痺混合疫苗、A型肝炎疫苗,,,,,20230731
10,3531171939,林口區,永健診所,(02)26016129,,新北市林口區文化二路一段392-3號1樓,合約診所,"週一至週日上午9:30-12:30、下午17:00-21:00
週二休診及週五早上休診",B型肝炎疫苗、五合一疫苗、13價肺炎鏈球菌疫苗、水痘、麻疹腮腺炎德國麻疹混合疫苗、活性減毒日本腦炎疫苗、白喉破傷風非細胞性百日咳及不活化小兒麻痺混合疫苗、A型肝炎疫苗,,,,,20230731
11,3531072502,樹林區,三樹金鶯診所,(02)26807101,,新北市樹林區學成路600號1樓、2,合約診所,週一至週日上午7:30-21:30,B型肝炎疫苗、五合一疫苗、13價肺炎鏈球菌疫苗、水痘、麻疹腮腺炎德國麻疹混合疫苗、活性減毒日本腦炎疫苗、白喉破傷風非細胞性百日咳及不活化小兒麻痺混合疫苗、A型肝炎疫苗,,,,,20230731
12,3531071907,樹林區,遠祺婦產科診所,(02)86865966,,新北市樹林區中華路112號1、2樓,合約診所,"週四上午9:30-11:30
◎卡介苗為每月第三週星期四早上施打",B型肝炎疫苗、五合一疫苗、13價肺炎鏈球菌疫苗、卡介苗,,,,,20230731
13,3531072422,樹林區,莊豐如診所,(02)26830108,,新北市樹林區復興路18號1樓,合約診所,"週一至週五上午7:00-12:00、下午15:00-21:00
週六、週日上午9:00-12:00、下午15:00-21:00",B型肝炎疫苗、五合一疫苗、13價肺炎鏈球菌疫苗、水痘、麻疹腮腺炎德國麻疹混合疫苗、活性減毒日本腦炎疫苗、白喉破傷風非細胞性百日咳及不活化小兒麻痺混合疫苗、A型肝炎疫苗,,,,,20230731
14,3531072440,樹林區,惠生保安婦幼診所,(02)86875678,,新北市樹林區保安街一段190號,合約診所,"週一至週五上午8;00-12:00、下午14:00-17:30、晚上18:30-21:30
週六上午8:00-12:00、下午14:00-17:30
◎卡介苗週二早上12:30-14:00",B型肝炎疫苗、五合一疫苗、13價肺炎鏈球菌疫苗、水痘、麻疹腮腺炎德國麻疹混合疫苗、活性減毒日本腦炎疫苗、白喉破傷風非細胞性百日咳及不活化小兒麻痺混合疫苗、A型肝炎疫苗、卡介苗,,,,,20230731
15,3531072477,樹林區,信和耳鼻喉科診所,(02)26822100,,新北市樹林區博愛街178號1、2樓,合約診所,週一至週日上午8:00-12:00、下午14:00-21:00,B型肝炎疫苗、五合一疫苗、13價肺炎鏈球菌疫苗、水痘、麻疹腮腺炎德國麻疹混合疫苗、活性減毒日本腦炎疫苗、白喉破傷風非細胞性百日咳及不活化小兒麻痺混合疫苗、A型肝炎疫苗,,,,,20230731
16,3531071970,樹林區,林岳宏小兒科陳德馨皮膚科聯合診所,(02)86840088,,新北市樹林區中華路241號1樓,合約診所,"週一、二、三、五、六上午8:30-11:30
週一至週五下午16:00-19:00",B型肝炎疫苗、五合一疫苗、13價肺炎鏈球菌疫苗、水痘、麻疹腮腺炎德國麻疹混合疫苗、活性減毒日本腦炎疫苗、白喉破傷風非細胞性百日咳及不活化小兒麻痺混合疫苗、A型肝炎疫苗,,,,,20230731
17,3531072225,樹林區,承恩診所,(02)89705297,,新北市樹林區學勤路597號,合約診所,"週一至週五上午8:00-12:00、下午19:00-21:30
週六上午8:00-12:00
",B型肝炎疫苗、五合一疫苗、13價肺炎鏈球菌疫苗、水痘、麻疹腮腺炎德國麻疹混合疫苗、活性減毒日本腦炎疫苗、白喉破傷風非細胞性百日咳及不活化小兒麻痺混合疫苗、A型肝炎疫苗,,,,,20230731
18,3531072137,樹林區,何廷裕小兒科診所,(02)26756789,,新北市樹林區日新街34號,合約診所,"週一至週五上午8:30-12:00、下午15:00-18:00、晚上18:30-21;30
週六早上8:30-12;00、下午15:00-18:00",B型肝炎疫苗、五合一疫苗、13價肺炎鏈球菌疫苗、水痘、麻疹腮腺炎德國麻疹混合疫苗、活性減毒日本腦炎疫苗、白喉破傷風非細胞性百日咳及不活化小兒麻痺混合疫苗、A型肝炎疫苗,,,,,20230731
19,3531072146,樹林區,柯盈賢小兒科診所,(02)26869185,,新北市樹林區樹新路41號1樓,合約診所,週一至週五及週日上午8:00-12:00、下午15:00-18:00、晚上18:30-21:30,B型肝炎疫苗、五合一疫苗、13價肺炎鏈球菌疫苗、水痘、麻疹腮腺炎德國麻疹混合疫苗、活性減毒日本腦炎疫苗、白喉破傷風非細胞性百日咳及不活化小兒麻痺混合疫苗、A型肝炎疫苗,,,,,20230731
20,3531211081,三芝區,三芝彭小兒科診所,(02)26369622,,新北市三芝區中山路一段59號,合約診所,週二至週五早上8:30-12:00、晚上18:00-21:00,B型肝炎疫苗、五合一疫苗、13價肺炎鏈球菌疫苗、水痘、麻疹腮腺炎德國麻疹混合疫苗、活性減毒日本腦炎疫苗、白喉破傷風非細胞性百日咳及不活化小兒麻痺混合疫苗、A型肝炎疫苗,,,,,20230731
21,3531021649,三重區,洪小兒科診所,(02)29823852,,新北市三重區三民街243號,合約診所,週一至週六早上9:00-12:00、晚上16:00-21:30,B型肝炎疫苗、五合一疫苗、13價肺炎鏈球菌疫苗、水痘、麻疹腮腺炎德國麻疹混合疫苗、活性減毒日本腦炎疫苗、白喉破傷風非細胞性百日咳及不活化小兒麻痺混合疫苗、A型肝炎疫苗,,,,,20230731
22,3531024408,三重區,東和婦產科家庭醫學科診所,(02)29729627,,新北市三重區三和路2段97號,合約診所,週一至週五上午8:00~12:00、下午15:00~18:00、下午19:00~21:30,B型肝炎疫苗、五合一疫苗、13價肺炎鏈球菌疫苗、水痘、麻疹腮腺炎德國麻疹混合疫苗、活性減毒日本腦炎疫苗、白喉破傷風非細胞性百日咳及不活化小兒麻痺混合疫苗、A型肝炎疫苗、B型肝炎免疫球蛋白,,,,,20230731
23,3531022244,三重區,鄭智雄診所,(02)22805419,,新北市三重區三和路4段308號,合約診所,週一至週六上午9:00-12:00、下午15:00-18:00、晚上19:00-20:00,B型肝炎疫苗、五合一疫苗、13價肺炎鏈球菌疫苗、水痘、麻疹腮腺炎德國麻疹混合疫苗、活性減毒日本腦炎疫苗、白喉破傷風非細胞性百日咳及不活化小兒麻痺混合疫苗、A型肝炎疫苗,,,,,20230731
24,3531024613,三重區,世鴻耳鼻喉科,(02)22866038,,新北市三重區三和路4段318號,合約診所,"週一至週六早上8:00–12:00、下午14:00-22:00
",B型肝炎疫苗、五合一疫苗、13價肺炎鏈球菌疫苗、水痘、麻疹腮腺炎德國麻疹混合疫苗、活性減毒日本腦炎疫苗、白喉破傷風非細胞性百日咳及不活化小兒麻痺混合疫苗、A型肝炎疫苗,,,,,20230731
25,3531024186,三重區,謝明宏小兒科診所,(02)29816425,,新北市三重區中華路57號,合約診所,"週一、三、四、六上午08:30–12:00、下午16:30–18:30、晚上19:00–21:30
週二、五下午16:30–18:30、下午19:00–21:30",B型肝炎疫苗、五合一疫苗、13價肺炎鏈球菌疫苗、水痘、麻疹腮腺炎德國麻疹混合疫苗、活性減毒日本腦炎疫苗、白喉破傷風非細胞性百日咳及不活化小兒麻痺混合疫苗、A型肝炎疫苗,,,,,20230731
26,3531022744,三重區,金港齡小兒科,(02)29802412,,新北市三重區仁愛街302號,合約診所,週二至週五早上9:00-11:00、下午16:30-19:30,B型肝炎疫苗、五合一疫苗、13價肺炎鏈球菌疫苗、水痘、麻疹腮腺炎德國麻疹混合疫苗、活性減毒日本腦炎疫苗、白喉破傷風非細胞性百日咳及不活化小兒麻痺混合疫苗、A型肝炎疫苗,,,,,20230731
27,3531022093,三重區,仁新小兒科所,(02)28574762,,新北市三重區仁愛街735號,合約診所,"週一至週五上午08:30–12:00、下午19:00–22:00
週六上午08:30–12:00",B型肝炎疫苗、五合一疫苗、13價肺炎鏈球菌疫苗、水痘、麻疹腮腺炎德國麻疹混合疫苗、活性減毒日本腦炎疫苗、白喉破傷風非細胞性百日咳及不活化小兒麻痺混合疫苗、A型肝炎疫苗,,,,,20230731
28,3531024239,三重區,簡修平診所,(02)89825506,,新北市三重區正義北路300-3號,合約診所,週一至週六上午8:30–12:00、下午15:00–18:00、晚上19:00–22:00,B型肝炎疫苗、五合一疫苗、13價肺炎鏈球菌疫苗、水痘、麻疹腮腺炎德國麻疹混合疫苗、活性減毒日本腦炎疫苗、白喉破傷風非細胞性百日咳及不活化小兒麻痺混合疫苗、A型肝炎疫苗,,,,,20230731
29,3531024444,三重區,錫安婦產科內科,(02)29812299,,新北市三重區正義北路319號,合約診所,週一至週六上午9:00–12:00、下午14:30–17:30、晚上19:00–22:00,B型肝炎疫苗、五合一疫苗、13價肺炎鏈球菌疫苗、水痘、麻疹腮腺炎德國麻疹混合疫苗、活性減毒日本腦炎疫苗、白喉破傷風非細胞性百日咳及不活化小兒麻痺混合疫苗、A型肝炎疫苗、B型肝炎免疫球蛋白,,,,,20230731
30,3531021363,三重區,翁華宗小兒科診所,(02)29879872,,新北市三重區正義北路324號,合約診所,"週一至週六早上8:30-12:00、下午15:00-18:00、晚上19:00-22:00
週例假日:8:30-12:00",B型肝炎疫苗、五合一疫苗、13價肺炎鏈球菌疫苗、水痘、麻疹腮腺炎德國麻疹混合疫苗、活性減毒日本腦炎疫苗、白喉破傷風非細胞性百日咳及不活化小兒麻痺混合疫苗、A型肝炎疫苗,,,,,20230731
31,3531025423,三重區,采新婦幼診所,(02)89853888,,新北市三重區正義北路86號,合約診所,"週一~週五:早上9:00~12:00、下午14:30~17:30
週六:早上9:00~12:00
◎卡介苗每隔週四:14:00-16:00(先預約)",B型肝炎疫苗、五合一疫苗、13價肺炎鏈球菌疫苗、水痘、麻疹腮腺炎德國麻疹混合疫苗、活性減毒日本腦炎疫苗、白喉破傷風非細胞性百日咳及不活化小兒麻痺混合疫苗、A型肝炎疫苗、卡介苗、B型肝炎免疫球蛋白,,,,,20230731
32,3531025352,三重區,丁婦產科診所,(02)29858001,,新北市三重區自強路1段246號,合約診所,週一至週六早上9:00–12:00、下午14:30–18:00、晚上19:00–22:00,B型肝炎疫苗、五合一疫苗、13價肺炎鏈球菌疫苗、水痘、麻疹腮腺炎德國麻疹混合疫苗、活性減毒日本腦炎疫苗、白喉破傷風非細胞性百日咳及不活化小兒麻痺混合疫苗、A型肝炎疫苗、B型肝炎免疫球蛋白,,,,,20230731
33,3531020508,三重區,郭國鐘小兒科診所,(02)29726825,,新北市三重區信義街57號,合約診所,"週一至週五早上8:00–12:00、下午15:00–18:00、晚上19:00–21:00
週六早上8:00–12:00",B型肝炎疫苗、五合一疫苗、13價肺炎鏈球菌疫苗、水痘、麻疹腮腺炎德國麻疹混合疫苗、活性減毒日本腦炎疫苗、白喉破傷風非細胞性百日咳及不活化小兒麻痺混合疫苗、A型肝炎疫苗,,,,,20230731
34,3531024935,三重區,惠心婦幼診所,(02)29810568,,新北市三重區重陽路1段138號,合約診所,"週一至週六:9:00-12:00、14:30-18:00、18:30-21:30
週日9:00-12:00
◎卡介苗每週四18:30-20:00(先預約)",B型肝炎疫苗、五合一疫苗、13價肺炎鏈球菌疫苗、水痘、麻疹腮腺炎德國麻疹混合疫苗、活性減毒日本腦炎疫苗、白喉破傷風非細胞性百日咳及不活化小兒麻痺混合疫苗、A型肝炎疫苗、卡介苗、育齡婦女MMR,,,,,20230731
35,3531024220,三重區,聰明耳鼻喉科診所,(02)89727370,,新北市三重區重新路2段14號1樓,合約診所,週一至週六上午9:00-11:30、下午15:00-1800、晚上18:30-2100,B型肝炎疫苗、五合一疫苗、13價肺炎鏈球菌疫苗、水痘、麻疹腮腺炎德國麻疹混合疫苗、活性減毒日本腦炎疫苗、白喉破傷風非細胞性百日咳及不活化小兒麻痺混合疫苗、A型肝炎疫苗,,,,,20230731
36,3531023054,三重區,德恩診所,(02)29766501,,新北市三重區集成路47號,合約診所,"週一至週六上午8:30~12:00、下午15:00~18:00
週一至週五晚上18:30~21:30",B型肝炎疫苗、五合一疫苗、13價肺炎鏈球菌疫苗、水痘、麻疹腮腺炎德國麻疹混合疫苗、活性減毒日本腦炎疫苗、白喉破傷風非細胞性百日咳及不活化小兒麻痺混合疫苗、A型肝炎疫苗,,,,,20230731
37,3531026082,三重區,慶祥診所,(02)29834012,,新北市三重區自強路3段67號,合約診所,"週一至週五上午9:00-12:00、下午18:00-21:00
周六上午8:30-12:00
週日下午18:00-21:00",B型肝炎疫苗、五合一疫苗、13價肺炎鏈球菌疫苗、水痘、麻疹腮腺炎德國麻疹混合疫苗、活性減毒日本腦炎疫苗、白喉破傷風非細胞性百日咳及不活化小兒麻痺混合疫苗、A型肝炎疫苗,,,,,20230731
38,131020016,三重區,新北市立聯合醫院,(02)29829111,,"新北市三重區新北大道1段3號
",合約診所,"週一、三、四、五、六上午9:00-10:30(掛號時間)
週二下午13:30~15:30(掛號時間)",B型肝炎疫苗、五合一疫苗、13價肺炎鏈球菌疫苗、水痘、麻疹腮腺炎德國麻疹混合疫苗、活性減毒日本腦炎疫苗、白喉破傷風非細胞性百日咳及不活化小兒麻痺混合疫苗、A型肝炎疫苗、B型肝炎免疫球蛋白、育齡婦女MMR,,,,,20230731
39,3531026304,三重區,惠心婦產科小兒科診所,(02)29781998,,新北市三重區成功路171號-173號,合約診所,"週一至週六早上9:00-12:00、下午14:30-18:00、晚上18:30-21:30
週日早上9:00-12:00
◎卡介苗每週四18:30-20:00(先預約)",B型肝炎疫苗、五合一疫苗、13價肺炎鏈球菌疫苗、水痘、麻疹腮腺炎德國麻疹混合疫苗、活性減毒日本腦炎疫苗、白喉破傷風非細胞性百日咳及不活化小兒麻痺混合疫苗、A型肝炎疫苗、卡介苗、B型肝炎免疫球蛋白、育齡婦女MMR,,,,,20230731
40,3531026260,三重區,正和診所,(02)29828828,,新北市三重區正義北路278號1樓,合約診所,週一至週日上午8:00-12:00、下午15:00-18:00、晚上18:30-22:00,B型肝炎疫苗、五合一疫苗、13價肺炎鏈球菌疫苗、水痘、麻疹腮腺炎德國麻疹混合疫苗、活性減毒日本腦炎疫苗、白喉破傷風非細胞性百日咳及不活化小兒麻痺混合疫苗、A型肝炎疫苗,,,,,20230731
41,3531231190,八里區,誠泰診所,(02)26108205,,新北市八里區中山路一段231號,合約診所,週一至周五及週日早上8:00-12:00、下午15:00-18:00、晚上18:00-21:00,B型肝炎疫苗、五合一疫苗、13價肺炎鏈球菌疫苗、水痘、麻疹腮腺炎德國麻疹混合疫苗、活性減毒日本腦炎疫苗、白喉破傷風非細胞性百日咳及不活化小兒麻痺混合疫苗、A型肝炎疫苗,,,,,20230731
42,131020016,板牆區,新北市立聯合醫院(板橋院區),(02)22575151,,新北市板橋區英士路198號,合約診所,"週一、二、五上午9:00-11:30
週三下午1:30-4:00",B型肝炎疫苗、五合一疫苗、13價肺炎鏈球菌疫苗、水痘、麻疹腮腺炎德國麻疹混合疫苗、活性減毒日本腦炎疫苗、白喉破傷風非細胞性百日咳及不活化小兒麻痺混合疫苗、A型肝炎疫苗,,,,,20230731
43,1131010011,板牆區,亞東紀念醫院,(02)89667000,,新北市板橋區南雅南路2段21號,合約診所,"週一、週三、週六上午9:00-12:00
週五下午13:00-16:00
◎卡介苗為週三上午9:30~11:30
（上午11:00前務必至診間報到)",B型肝炎疫苗、五合一疫苗、13價肺炎鏈球菌疫苗、水痘、麻疹腮腺炎德國麻疹混合疫苗、活性減毒日本腦炎疫苗、白喉破傷風非細胞性百日咳及不活化小兒麻痺混合疫苗、A型肝炎疫苗、卡介苗、B型肝炎免疫球蛋白,,,,,20230731
44,3531013898,板牆區,合泰婦產小兒聯合診所,(02)29576699,,新北市板橋區忠孝路19號,合約診所,"週一至週六上午9：00-12：00
週二、四、五下午15:00-18:00
週一至週五晚上19：00-22：00
週六晚上19：00-21：00",B型肝炎疫苗、五合一疫苗、13價肺炎鏈球菌疫苗、水痘、麻疹腮腺炎德國麻疹混合疫苗、活性減毒日本腦炎疫苗、白喉破傷風非細胞性百日咳及不活化小兒麻痺混合疫苗、A型肝炎疫苗,,,,,20230731
45,3531012640,板牆區,燿星小兒科診所,(02)29522377,,新北市板橋區實踐路113號,合約診所,週一至週六上午9:00-12:00、下午15:00-18:00、晚上19:00-21:00,B型肝炎疫苗、五合一疫苗、13價肺炎鏈球菌疫苗、水痘、麻疹腮腺炎德國麻疹混合疫苗、活性減毒日本腦炎疫苗、白喉破傷風非細胞性百日咳及不活化小兒麻痺混合疫苗、A型肝炎疫苗,,,,,20230731
46,3531013414,板牆區,吳建明小兒科診所,(02)89670670,,新北市板橋區四川路2段245巷46號,合約診所,"週一至週六上午8:30-12:00、晚上18:00-22:00
週一、週三、週五下午3:00-6:00",B型肝炎疫苗、五合一疫苗、13價肺炎鏈球菌疫苗、水痘、麻疹腮腺炎德國麻疹混合疫苗、活性減毒日本腦炎疫苗、白喉破傷風非細胞性百日咳及不活化小兒麻痺混合疫苗、A型肝炎疫苗,,,,,20230731
47,3531012908,板牆區,吳懿蒼小兒科診所,(02)22728269,,新北市板橋區國光路43號,合約診所,"週一至週六上午9:00-11:30、下午15:30-17:00
週一至週五晚上19:00-21:00
週六晚上19:00-20:00",B型肝炎疫苗、五合一疫苗、13價肺炎鏈球菌疫苗、水痘、麻疹腮腺炎德國麻疹混合疫苗、活性減毒日本腦炎疫苗、白喉破傷風非細胞性百日咳及不活化小兒麻痺混合疫苗、A型肝炎疫苗,,,,,20230731
48,3531013423,板牆區,吳宏誠小兒科診所,(02)22502422,,新北市板橋區莊敬路156號1樓,合約診所,"週一至週五上午8:30-11:30、下午16:00-17:30
晚上18:30-21:00
週六上午9:00-12:00、晚上17:00-21:00",B型肝炎疫苗、五合一疫苗、13價肺炎鏈球菌疫苗、水痘、麻疹腮腺炎德國麻疹混合疫苗、活性減毒日本腦炎疫苗、白喉破傷風非細胞性百日咳及不活化小兒麻痺混合疫苗、A型肝炎疫苗,,,,,20230731
49,3531015383,板牆區,林子敬診所,(02)29591986,,新北市板橋區中山路2段198號,合約診所,週一至週六上午8:30-12:00、下午15:00-18:00、晚上18:30-21:30,B型肝炎疫苗、五合一疫苗、13價肺炎鏈球菌疫苗、水痘、麻疹腮腺炎德國麻疹混合疫苗、活性減毒日本腦炎疫苗、白喉破傷風非細胞性百日咳及不活化小兒麻痺混合疫苗、A型肝炎疫苗,,,,,20230731
50,3531012444,板牆區,陳正忠小兒科診所,(02)29685489,,新北市板橋區府中路143號,合約診所,"週一至週六上午9:00-12:00、下午15:30-18:00(週三下午休診)
週一至週五晚上19:00-21:30
國定假日只看早上9:00-12:00",B型肝炎疫苗、五合一疫苗、13價肺炎鏈球菌疫苗、水痘、麻疹腮腺炎德國麻疹混合疫苗、活性減毒日本腦炎疫苗、白喉破傷風非細胞性百日咳及不活化小兒麻痺混合疫苗、A型肝炎疫苗,,,,,20230731
51,3531010744,板牆區,陳嘉偉診所,(02)29555457,,新北市板橋區懷仁街92號,合約診所,"週一至週五上午9:00-12:00、晚上19:00-21:30
週六上午9:00-12:00",B型肝炎疫苗、五合一疫苗、13價肺炎鏈球菌疫苗、水痘、麻疹腮腺炎德國麻疹混合疫苗、活性減毒日本腦炎疫苗、白喉破傷風非細胞性百日咳及不活化小兒麻痺混合疫苗、A型肝炎疫苗,,,,,20230731
52,3531011901,板牆區,陳恩哲小兒科診所,(02)22567200,,新北市板橋區文化路1段216號,合約診所,"週一至週日上午8:30-12:00
週一至週六下午3:00-6:00、晚上6:00-10:00",B型肝炎疫苗、五合一疫苗、13價肺炎鏈球菌疫苗、水痘、麻疹腮腺炎德國麻疹混合疫苗、活性減毒日本腦炎疫苗、白喉破傷風非細胞性百日咳及不活化小兒麻痺混合疫苗、A型肝炎疫苗,,,,,20230731
53,3531012980,板牆區,宏文小兒科診所,(02)22728123,,新北市板橋區國光路45號,合約診所,週一至週五上午8:30-12:00、晚上5:00-9:30,B型肝炎疫苗、五合一疫苗、13價肺炎鏈球菌疫苗、水痘、麻疹腮腺炎德國麻疹混合疫苗、活性減毒日本腦炎疫苗、白喉破傷風非細胞性百日咳及不活化小兒麻痺混合疫苗、A型肝炎疫苗,,,,,20230731
54,3531015481,板牆區,徐小兒科診所,(02)22500890,,新北市板橋區陽明街46-2號,合約診所,週一至週六上午8:30-12:00、下午3:00-6:00、晚上6:30-9:30,B型肝炎疫苗、五合一疫苗、13價肺炎鏈球菌疫苗、水痘、麻疹腮腺炎德國麻疹混合疫苗、活性減毒日本腦炎疫苗、白喉破傷風非細胞性百日咳及不活化小兒麻痺混合疫苗、A型肝炎疫苗,,,,,20230731
55,3531013709,板牆區,良品婦幼聯合診所,(02)29650111,,新北市板橋區南雅南路1段8-8號1樓,合約診所,週一至週六上午9:00-12:00、下午2:30-5:30、晚上6:30-9:30,B型肝炎疫苗、五合一疫苗、13價肺炎鏈球菌疫苗、水痘、麻疹腮腺炎德國麻疹混合疫苗、活性減毒日本腦炎疫苗、白喉破傷風非細胞性百日咳及不活化小兒麻痺混合疫苗、A型肝炎疫苗,,,,,20230731
56,3531016095,板牆區,宏元小兒科診所,(02)82583603,,新北市板橋區仁化街1號,合約診所,"週一至週五上午08:00–12:00、下午16:00–21:30
週六上午08:00–12:00、下午16:00–18:00
週日08:00–12:00",B型肝炎疫苗、五合一疫苗、13價肺炎鏈球菌疫苗、水痘、麻疹腮腺炎德國麻疹混合疫苗、活性減毒日本腦炎疫苗、白喉破傷風非細胞性百日咳及不活化小兒麻痺混合疫苗、A型肝炎疫苗,,,,,20230731
57,3531019130,板牆區,大庭診所,(02)29689299,,新北市板橋區大仁街27號1樓,合約診所,"週一至週五上午8:30-12:00、下午16:00-18:00、晚上18:30-21:30
週六上午8:30-12:00、晚上18:30-21:30",B型肝炎疫苗、五合一疫苗、13價肺炎鏈球菌疫苗、水痘、麻疹腮腺炎德國麻疹混合疫苗、活性減毒日本腦炎疫苗、白喉破傷風非細胞性百日咳及不活化小兒麻痺混合疫苗、A型肝炎疫苗,,,,,20230731
58,3531018991,板牆區,蕭正輝小兒科診所,(02)22501101,,新北市板橋區文化路2段137號,合約診所,"週一至週五上午9:00-12:00、下午3:00-6:00、晚上6:30-9:30
週六、週日、例假日上午9:00-12:00",B型肝炎疫苗、五合一疫苗、13價肺炎鏈球菌疫苗、水痘、麻疹腮腺炎德國麻疹混合疫苗、活性減毒日本腦炎疫苗、白喉破傷風非細胞性百日咳及不活化小兒麻痺混合疫苗、A型肝炎疫苗,,,,,20230731
59,3531015810,板牆區,重慶耳鼻喉科診所,(02)89517755,,新北市板橋區和平路161巷26號,合約診所,週一至週六上午9:00-12:00、下午15:30-18:00(週日除外)、晚上6:30-9:30(周日除外),B型肝炎疫苗、五合一疫苗、13價肺炎鏈球菌疫苗、水痘、麻疹腮腺炎德國麻疹混合疫苗、活性減毒日本腦炎疫苗、白喉破傷風非細胞性百日咳及不活化小兒麻痺混合疫苗、A型肝炎疫苗,,,,,20230731
60,3531016568,板牆區,王林小兒科診所,(02)29584966,,新北市板橋區忠孝路20號,合約診所,"週一至週五上午9:00-12:00、下午15:00-18:00、晚上19:00-22:00
週六上午8:30-13:00
國定假日8:30-12:00",B型肝炎疫苗、五合一疫苗、13價肺炎鏈球菌疫苗、水痘、麻疹腮腺炎德國麻疹混合疫苗、活性減毒日本腦炎疫苗、白喉破傷風非細胞性百日咳及不活化小兒麻痺混合疫苗、A型肝炎疫苗,,,,,20230731
61,3531016620,板牆區,大佳診所,(02)82597216,,新北市板橋區英士路53號,合約診所,週一至週六上午8:30-11:30、下午16:00-18:00、晚上18:30-19:00,B型肝炎疫苗、五合一疫苗、13價肺炎鏈球菌疫苗、水痘、麻疹腮腺炎德國麻疹混合疫苗、活性減毒日本腦炎疫苗、白喉破傷風非細胞性百日咳及不活化小兒麻痺混合疫苗、A型肝炎疫苗,,,,,20230731
62,3531017672,板牆區,欣幼婦產科診所,(02)29591158,,新北市板橋區四川路1段188號,合約診所,"週一、二、三、四、六上午9:00-12:00週二、四下午14:30-18:00
週五晚上19:00-22:00
◎卡介苗每月最後一週之週四早上9:00-11:30(當月遇假日則電洽)",B型肝炎疫苗、五合一疫苗、13價肺炎鏈球菌疫苗、水痘、麻疹腮腺炎德國麻疹混合疫苗、活性減毒日本腦炎疫苗、白喉破傷風非細胞性百日咳及不活化小兒麻痺混合疫苗、A型肝炎疫苗、卡介苗、B型肝炎免疫球蛋白,,,,,20230731
63,3531016862,板牆區,耀安小兒科診所,(02)29616781,,新北市板橋區漢生東路324號,合約診所,"週一至週五早、午、晚門診上午8:00-12:00、下午15:30-18:00、晚上6:30-9:30
週六早、午門診上午8:00-12:00、下午15:30-18:00
週日晚上6:30-9:30
",B型肝炎疫苗、五合一疫苗、13價肺炎鏈球菌疫苗、水痘、麻疹腮腺炎德國麻疹混合疫苗、活性減毒日本腦炎疫苗、白喉破傷風非細胞性百日咳及不活化小兒麻痺混合疫苗、A型肝炎疫苗,,,,,20230731
64,3531016817,板牆區,溫大慶小兒科診所,(02)22582330,,新北市板橋區新海路386號,合約診所,"週一至週日上午8:30-12:00、下午16:00-18:00、晚上18:30-21:30
(週三全日休診)",B型肝炎疫苗、五合一疫苗、13價肺炎鏈球菌疫苗、水痘、麻疹腮腺炎德國麻疹混合疫苗、活性減毒日本腦炎疫苗、白喉破傷風非細胞性百日咳及不活化小兒麻痺混合疫苗、A型肝炎疫苗,,,,,20230731
65,3531017010,板牆區,陳榮泰小兒科診所,(02)26820560,,新北市板橋區金門街311號,合約診所,"週一至週五上午8:00-12:00、下午15:00-18:00
週三晚上18:30-21:30",B型肝炎疫苗、五合一疫苗、13價肺炎鏈球菌疫苗、水痘、麻疹腮腺炎德國麻疹混合疫苗、活性減毒日本腦炎疫苗、白喉破傷風非細胞性百日咳及不活化小兒麻痺混合疫苗、A型肝炎疫苗,,,,,20230731
66,3531012677,板牆區,雷世陽婦產科診所,(02)89535508,,新北市板橋區三民路2段110號,合約診所,"週一至週六上午9:00-12:00
◎卡介苗需預約，請電洽",B型肝炎疫苗、五合一疫苗、13價肺炎鏈球菌疫苗、水痘、麻疹腮腺炎德國麻疹混合疫苗、活性減毒日本腦炎疫苗、白喉破傷風非細胞性百日咳及不活化小兒麻痺混合疫苗、A型肝炎疫苗、卡介苗、B型肝炎免疫球蛋白,,,,,20230731
67,3531017298,板牆區,張博揚小兒科診所,(02)22583867,,新北市板橋區仁化街85號,合約診所,週一至週日(週五休診)上午8:00-12:00、下午16:30-18:00、晚上19:00-21:30,B型肝炎疫苗、五合一疫苗、13價肺炎鏈球菌疫苗、水痘、麻疹腮腺炎德國麻疹混合疫苗、活性減毒日本腦炎疫苗、白喉破傷風非細胞性百日咳及不活化小兒麻痺混合疫苗、A型肝炎疫苗,,,,,20230731
68,3531017369,板牆區,安慶診所,(02)22593168,,新北市板橋區互助街77巷1號1樓,合約診所,"週一至週六上午8:30-12:00、下午15:00-18:00
晚上18:30-21:30",B型肝炎疫苗、五合一疫苗、13價肺炎鏈球菌疫苗、水痘、麻疹腮腺炎德國麻疹混合疫苗、活性減毒日本腦炎疫苗、白喉破傷風非細胞性百日咳及不活化小兒麻痺混合疫苗、A型肝炎疫苗,,,,,20230731
69,3531019470,板牆區,遠興婦產科診所,(02)89510099,,新北市板橋區中山路1段91號,合約診所,"週一至週六上午9:00-12:00
◎卡介苗需預約，請電洽",B型肝炎疫苗、五合一疫苗、13價肺炎鏈球菌疫苗、水痘、麻疹腮腺炎德國麻疹混合疫苗、活性減毒日本腦炎疫苗、白喉破傷風非細胞性百日咳及不活化小兒麻痺混合疫苗、A型肝炎疫苗、卡介苗、B型肝炎免疫球蛋白,,,,,20230731
70,3531019505,板牆區,豐禾婦產科診所,(02)89510666,,新北市板橋區中山路1段279號3樓之1,合約診所,"週一至週五上午9:00-12:00、下午15:00-18:00
週六上午09:00-12:00
◎卡介苗需預約，請電洽",B型肝炎疫苗、五合一疫苗、13價肺炎鏈球菌疫苗、水痘、麻疹腮腺炎德國麻疹混合疫苗、活性減毒日本腦炎疫苗、白喉破傷風非細胞性百日咳及不活化小兒麻痺混合疫苗、A型肝炎疫苗、卡介苗、B型肝炎免疫球蛋白,,,,,20230731
71,3531017583,板牆區,菡生婦幼診所,(02)29518999,,新北市板橋區中山路一段104號,合約診所,"週一至週五上午9:00-12:00、下午2:30-8:30
週六9:00-12:00
◎卡介苗週五9:30-12:00
（上午11:30前務必至診間報到)",B型肝炎疫苗、五合一疫苗、13價肺炎鏈球菌疫苗、水痘、麻疹腮腺炎德國麻疹混合疫苗、活性減毒日本腦炎疫苗、白喉破傷風非細胞性百日咳及不活化小兒麻痺混合疫苗、A型肝炎疫苗、卡介苗、B型肝炎免疫球蛋白,,,,,20230731
72,3531016488,板牆區,建佑診所,(02)22570688,,新北市板橋區雙十路二段164號,合約診所,"週一至週五上午8:30-12:00、下午3:00-6:00
週六上午8:30-12:00",B型肝炎疫苗、五合一疫苗、13價肺炎鏈球菌疫苗、水痘、麻疹腮腺炎德國麻疹混合疫苗、活性減毒日本腦炎疫苗、白喉破傷風非細胞性百日咳及不活化小兒麻痺混合疫苗、A型肝炎疫苗,,,,,20230731
73,3531017850,板牆區,兒林小兒科診所,(02)89523069,,新北市板橋區廣和街90號,合約診所,"週一至週六上午8:30-11:50、下午15:00-17:50、晚上19:00-21:20
週三下午休診、週六下午、晚上休診",B型肝炎疫苗、五合一疫苗、13價肺炎鏈球菌疫苗、水痘、麻疹腮腺炎德國麻疹混合疫苗、活性減毒日本腦炎疫苗、白喉破傷風非細胞性百日咳及不活化小兒麻痺混合疫苗、A型肝炎疫苗,,,,,20230731
74,3531018044,板牆區,佑恩小兒科,(02)29658386,,新北市板橋區國光路176號,合約診所,週一至週六上午8:30-12:00、下午4:00-6:00、晚上6:30-9:30(週六除外),B型肝炎疫苗、五合一疫苗、13價肺炎鏈球菌疫苗、水痘、麻疹腮腺炎德國麻疹混合疫苗、活性減毒日本腦炎疫苗、白喉破傷風非細胞性百日咳及不活化小兒麻痺混合疫苗、A型肝炎疫苗,,,,,20230731
75,3531017912,板牆區,林儀文婦產科,(02)29696995,,新北市板橋區民權路218號,合約診所,"週一至週五上午9:00-12:00
週一晚上18:30-9:30",B型肝炎疫苗、五合一疫苗、13價肺炎鏈球菌疫苗、水痘、麻疹腮腺炎德國麻疹混合疫苗、活性減毒日本腦炎疫苗、白喉破傷風非細胞性百日咳及不活化小兒麻痺混合疫苗、A型肝炎疫苗、B型肝炎免疫球蛋白,,,,,20230731
76,3531012024,板牆區,黃世鑫診所,(02)29536051,,新北市板橋區四川路一段143號,合約診所,"週一、週二、週四、週六早上8:40-12:00
週二至週五下午15:00-18:00
週一、週三、週四晚上18:40-21:30",B型肝炎疫苗、五合一疫苗、13價肺炎鏈球菌疫苗、水痘、麻疹腮腺炎德國麻疹混合疫苗、活性減毒日本腦炎疫苗、白喉破傷風非細胞性百日咳及不活化小兒麻痺混合疫苗、A型肝炎疫苗,,,,,20230731
77,3531013905,板牆區,興安診所,(02)29652683,,新北市板橋區龍興街51號,合約診所,週一至週五上午8:00-12:00、下午2:00-5:30、晚上6:30-9:30,B型肝炎疫苗、五合一疫苗、13價肺炎鏈球菌疫苗、水痘、麻疹腮腺炎德國麻疹混合疫苗、活性減毒日本腦炎疫苗、白喉破傷風非細胞性百日咳及不活化小兒麻痺混合疫苗、A型肝炎疫苗,,,,,20230731
78,3531019176,板牆區,蔡明志小兒專科診所,(02)82570156,,新北市板橋區雨農路56號,合約診所,"星期一至日上午8:00-12:00、下午15:00-18:00、晚上18:30-21:30
",B型肝炎疫苗、五合一疫苗、13價肺炎鏈球菌疫苗、水痘、麻疹腮腺炎德國麻疹混合疫苗、活性減毒日本腦炎疫苗、白喉破傷風非細胞性百日咳及不活化小兒麻痺混合疫苗、A型肝炎疫苗,,,,,20230731
79,1231030015,永和區,天主教耕莘醫療財團法人永和耕莘醫院,(02)29286060,,新北市永和區中興街80號Ｂ1-7樓、國光路123號Ｂ3-11樓,合約診所,"週一至週五下午14：00-16：30
MMR&VAR於週三下午固定接種
◎卡介苗於院內公告時間集中週五接種",B型肝炎疫苗、五合一疫苗、13價肺炎鏈球菌疫苗、水痘、麻疹腮腺炎德國麻疹混合疫苗、活性減毒日本腦炎疫苗、白喉破傷風非細胞性百日咳及不活化小兒麻痺混合疫苗、A型肝炎疫苗、卡介苗、B型肝炎免疫球蛋白,,,,,20230731
80,3531033489,永和區,王英傑小兒科診所,(02)29279600,,新北市永和區中山路1段158號,合約診所,週一至週六上午8:30-12:00、下午15:00-18:00、晚上18:30-22:00,B型肝炎疫苗、五合一疫苗、13價肺炎鏈球菌疫苗、水痘、麻疹腮腺炎德國麻疹混合疫苗、活性減毒日本腦炎疫苗、白喉破傷風非細胞性百日咳及不活化小兒麻痺混合疫苗、A型肝炎疫苗,,,,,20230731
81,3531034342,永和區,御生婦幼診所,(02)29231818,,新北市永和區中山路1段277號1、2樓及275號2、3樓,合約診所,"週一至週六09:00-12:00
◎卡介苗採預約",B型肝炎疫苗、五合一疫苗、13價肺炎鏈球菌疫苗、水痘、麻疹腮腺炎德國麻疹混合疫苗、活性減毒日本腦炎疫苗、白喉破傷風非細胞性百日咳及不活化小兒麻痺混合疫苗、A型肝炎疫苗、卡介苗、B型肝炎免疫球蛋白,,,,,20230731
82,3531031181,永和區,吳銅坤婦產科診所,(02)29271313,,新北市永和區中山路1段35號.31號2．3樓之1,合約診所,接種院內生產嬰幼兒,B型肝炎疫苗、五合一疫苗、13價肺炎鏈球菌疫苗、水痘、麻疹腮腺炎德國麻疹混合疫苗、活性減毒日本腦炎疫苗、白喉破傷風非細胞性百日咳及不活化小兒麻痺混合疫苗、A型肝炎疫苗、B型肝炎免疫球蛋白,,,,,20230731
83,3531034020,永和區,洪碩壎小兒科診所,(02)29461171,,新北市永和區中正路157號1樓,合約診所,"週一至週日上午08:30-12:00、下午15:00~18:00、晚上18:30-21:30
(週四及日午晚休診)",B型肝炎疫苗、五合一疫苗、13價肺炎鏈球菌疫苗、水痘、麻疹腮腺炎德國麻疹混合疫苗、活性減毒日本腦炎疫苗、白喉破傷風非細胞性百日咳及不活化小兒麻痺混合疫苗、A型肝炎疫苗,,,,,20230731
84,3531030077,永和區,唐小兒科診所,(02)29296170,,新北市永和區中正路436，438號1，2樓,合約診所,"週一至週六早上7:00-12:00(週六08:00開始)、下午13:00-16:00、晚上17:00-21:30
週日及例假日上午8:00-12:00、晚上17:00-21:30",B型肝炎疫苗、五合一疫苗、13價肺炎鏈球菌疫苗、水痘、麻疹腮腺炎德國麻疹混合疫苗、活性減毒日本腦炎疫苗、白喉破傷風非細胞性百日咳及不活化小兒麻痺混合疫苗、A型肝炎疫苗,,,,,20230731
85,3531033283,永和區,吳志仁診所,(02)86602338,,新北市永和區仁愛路147號1樓,合約診所,"週一至週五上午8:30-12:00、下午15:00-18:00、晚上18:45-21:30
週六上午08:30-12:00",B型肝炎疫苗、五合一疫苗、13價肺炎鏈球菌疫苗、水痘、麻疹腮腺炎德國麻疹混合疫苗、活性減毒日本腦炎疫苗、白喉破傷風非細胞性百日咳及不活化小兒麻痺混合疫苗、A型肝炎疫苗,,,,,20230731
86,3531033470,永和區,楊安診所,(02)22324943,,新北市永和區仁愛路303號1樓,合約診所,"週一至週五上午8:30-12:00、下午17:30-21:30
週六上午08:30-12:00",B型肝炎疫苗、五合一疫苗、13價肺炎鏈球菌疫苗、水痘、麻疹腮腺炎德國麻疹混合疫苗、活性減毒日本腦炎疫苗、白喉破傷風非細胞性百日咳及不活化小兒麻痺混合疫苗、A型肝炎疫苗,,,,,20230731
87,3531034244,永和區,永愛診所,(02)29258680,,新北市永和區永平路282之1號1樓及286之1號2樓,合約診所,"週一至週五上午8:20-12:00、下午16:00-18:30、晚上19:00-21:30
週六上午8:20-12:00
週日上午8:20-12:00、下午18:00-21:00
◎卡介苗採預約",B型肝炎疫苗、五合一疫苗、13價肺炎鏈球菌疫苗、水痘、麻疹腮腺炎德國麻疹混合疫苗、活性減毒日本腦炎疫苗、白喉破傷風非細胞性百日咳及不活化小兒麻痺混合疫苗、A型肝炎疫苗、卡介苗,,,,,20230731
88,3531031289,永和區,洪源裕小兒科診所,(02)89252926,,新北市永和區竹林路181號1、2樓,合約診所,"週一至週六早上8:00-12:00、下午14:00-18:00、19:00-22:00
週日上午08:30-12:00",B型肝炎疫苗、五合一疫苗、13價肺炎鏈球菌疫苗、水痘、麻疹腮腺炎德國麻疹混合疫苗、活性減毒日本腦炎疫苗、白喉破傷風非細胞性百日咳及不活化小兒麻痺混合疫苗、A型肝炎疫苗,,,,,20230731
89,3531033952,永和區,呂適存小兒科診所,(02)89255155,,新北市永和區竹林路51號1樓,合約診所,週一至週五上午9:00-12:00、下午14:30-17:30、晚上18:30-21:30,B型肝炎疫苗、五合一疫苗、13價肺炎鏈球菌疫苗、水痘、麻疹腮腺炎德國麻疹混合疫苗、活性減毒日本腦炎疫苗、白喉破傷風非細胞性百日咳及不活化小兒麻痺混合疫苗、A型肝炎疫苗,,,,,20230731
90,3531032008,永和區,謝璧光小兒科診所,(02)89262388,,新北市永和區竹林路81號1樓,合約診所,"週一至週五上午9:00-11:30、下午17:00-19:30
週六早上9:00-12:00",B型肝炎疫苗、五合一疫苗、13價肺炎鏈球菌疫苗、水痘、麻疹腮腺炎德國麻疹混合疫苗、活性減毒日本腦炎疫苗、白喉破傷風非細胞性百日咳及不活化小兒麻痺混合疫苗、A型肝炎疫苗,,,,,20230731
91,3531034413,永和區,惠恩診所,(02)29249333,,新北市永和區保安路212－1號1樓,合約診所,"週一至週六早上8:30-12:00、下午15:00-18:00、晚上18:30-21:30
(週日休假)",B型肝炎疫苗、五合一疫苗、13價肺炎鏈球菌疫苗、水痘、麻疹腮腺炎德國麻疹混合疫苗、活性減毒日本腦炎疫苗、白喉破傷風非細胞性百日咳及不活化小兒麻痺混合疫苗、A型肝炎疫苗,,,,,20230731
92,3531030264,永和區,蕭正貴小兒家庭醫學科診所,(02)29428333,,新北市永和區得和路198號,合約診所,"上午9:00-12:00、下午18:00-21:00
週三及週五晚上休診",B型肝炎疫苗、五合一疫苗、13價肺炎鏈球菌疫苗、水痘、麻疹腮腺炎德國麻疹混合疫苗、活性減毒日本腦炎疫苗、白喉破傷風非細胞性百日咳及不活化小兒麻痺混合疫苗、A型肝炎疫苗,,,,,20230731
93,3531033907,永和區,王杰凱小兒科診所,(02)29297717,,新北市永和區得和路275號1樓及永元路4號1樓,合約診所,"週一至週六上午8:30-12:00、下午15:00-18:00、晚上18:30-21:30
◎卡介苗為每個月第1及第3週的週三下午13:00-14:30",B型肝炎疫苗、五合一疫苗、13價肺炎鏈球菌疫苗、水痘、麻疹腮腺炎德國麻疹混合疫苗、活性減毒日本腦炎疫苗、白喉破傷風非細胞性百日咳及不活化小兒麻痺混合疫苗、A型肝炎疫苗、卡介苗,,,,,20230731
94,3531031047,永和區,曾怡仁診所,(02)29408626,,新北市永和區得和路340號,合約診所,"週一至週六上午9:00-12:00、下午16:00-21:00(除週六下午15:00-18:00)
週三上午、週六晚上休診及週天全天休診",B型肝炎疫苗、五合一疫苗、13價肺炎鏈球菌疫苗、水痘、麻疹腮腺炎德國麻疹混合疫苗、活性減毒日本腦炎疫苗、白喉破傷風非細胞性百日咳及不活化小兒麻痺混合疫苗、A型肝炎疫苗,,,,,20230731
95,3531033425,永和區,章志平小兒科診所,(02)89219112,,新北市永和區福和路195號,合約診所,週一至週六上午8:30-12:30、下午17:30-21:30,B型肝炎疫苗、五合一疫苗、13價肺炎鏈球菌疫苗、水痘、麻疹腮腺炎德國麻疹混合疫苗、活性減毒日本腦炎疫苗、白喉破傷風非細胞性百日咳及不活化小兒麻痺混合疫苗、A型肝炎疫苗,,,,,20230731
96,3531030559,永和區,愛兒小兒科診所,(02)29233317,,新北市永和區福和路199號,合約診所,週一至週六上午9:00-12:00、下午14:00-18:00、晚上19:00-21:30,B型肝炎疫苗、五合一疫苗、13價肺炎鏈球菌疫苗、水痘、麻疹腮腺炎德國麻疹混合疫苗、活性減毒日本腦炎疫苗、白喉破傷風非細胞性百日咳及不活化小兒麻痺混合疫苗、A型肝炎疫苗,,,,,20230731
97,3531032197,永和區,蕭佩宏小兒科診所,(02)86607115,,新北市永和區福和路258號,合約診所,"週一至週五上午8:30-12:00、下午15:00-18:00、晚上19:00-21:30
週六早上9:00-12:00
(週一下午、週六晚上休診)",B型肝炎疫苗、五合一疫苗、13價肺炎鏈球菌疫苗、水痘、麻疹腮腺炎德國麻疹混合疫苗、活性減毒日本腦炎疫苗、白喉破傷風非細胞性百日咳及不活化小兒麻痺混合疫苗、A型肝炎疫苗,,,,,20230731
98,3531034986,永和區,美加婦產科診所,(02)29235133,,新北市永和區福和路278號2－5樓,合約診所,週一至週日24小時,B型肝炎疫苗、五合一疫苗、13價肺炎鏈球菌疫苗、水痘、麻疹腮腺炎德國麻疹混合疫苗、活性減毒日本腦炎疫苗、白喉破傷風非細胞性百日咳及不活化小兒麻痺混合疫苗、A型肝炎疫苗、B型肝炎免疫球蛋白,,,,,20230731
99,3531030513,永和區,鍾婦產科診所,(02)89288899,,新北市永和區福和路84號1－2樓，86號1－3樓,合約診所,週一至週六早上9:00-12:00、下午15:00-17:30,B型肝炎疫苗、五合一疫苗、13價肺炎鏈球菌疫苗、水痘、麻疹腮腺炎德國麻疹混合疫苗、活性減毒日本腦炎疫苗、白喉破傷風非細胞性百日咳及不活化小兒麻痺混合疫苗、A型肝炎疫苗、B型肝炎免疫球蛋白,,,,,20230731
100,3531034959,永和區,旭恩小兒科診所,(02)29220217,,新北市永和區中山路1段172號1樓,合約診所,週一至週六上午8:30-12:00、下午3:00-6:00、晚上6:30-9:30,B型肝炎疫苗、五合一疫苗、13價肺炎鏈球菌疫苗、水痘、麻疹腮腺炎德國麻疹混合疫苗、活性減毒日本腦炎疫苗、白喉破傷風非細胞性百日咳及不活化小兒麻痺混合疫苗、A型肝炎疫苗,,,,,20230731
101,431270012,金山區,台大金山分院,(02)24989898,,新北市金山區五湖里玉湖路7號,合約診所,週三下午1:30-5:00,B型肝炎疫苗、五合一疫苗、13價肺炎鏈球菌疫苗、水痘、麻疹腮腺炎德國麻疹混合疫苗、活性減毒日本腦炎疫苗、白喉破傷風非細胞性百日咳及不活化小兒麻痺混合疫苗、A型肝炎疫苗,,,,,20230731
102,3531142894,蘆洲區,許修平小兒科診所,(02)22881202,,新北市蘆洲區長安街290號,合約診所,週一至週日上午8:30-12:00、下午15:00-18:00、晚上18:30-21:30,B型肝炎疫苗、五合一疫苗、13價肺炎鏈球菌疫苗、水痘、麻疹腮腺炎德國麻疹混合疫苗、活性減毒日本腦炎疫苗、白喉破傷風非細胞性百日咳及不活化小兒麻痺混合疫苗、A型肝炎疫苗、卡介苗,,,,,20230731
103,3531143382,蘆洲區,愛麗生婦產科診所,(02)22890666,,新北市蘆洲區長榮路323號,合約診所,"週一、週二09:00-12:00
週四14:30-17:50
週五18:30-21:30",B型肝炎疫苗、五合一疫苗、13價肺炎鏈球菌疫苗、水痘、麻疹腮腺炎德國麻疹混合疫苗、活性減毒日本腦炎疫苗、白喉破傷風非細胞性百日咳及不活化小兒麻痺混合疫苗、A型肝炎疫苗、卡介苗,,,,,20230731
104,3531143140,蘆洲區,愛林鑫北診所,(02)22883277,,新北市蘆洲區長榮路96.98號,合約診所,"週一至週五08:00-12:00、15:00-18:00、18:30-21:30
週六、日8:00-12:00、15:00-18:00",B型肝炎疫苗、五合一疫苗、13價肺炎鏈球菌疫苗、水痘、麻疹腮腺炎德國麻疹混合疫苗、活性減毒日本腦炎疫苗、白喉破傷風非細胞性百日咳及不活化小兒麻痺混合疫苗、A型肝炎疫苗、卡介苗,,,,,20230731
105,3531143159,蘆洲區,湯瑪士親子兒科診所,(02)22885523,,新北市蘆洲區民族路377號,合約診所,"週一至週五08:30-12:00、15:00-18:00、18:30-21:30
週六、日08:30-12:00",B型肝炎疫苗、五合一疫苗、13價肺炎鏈球菌疫苗、水痘、麻疹腮腺炎德國麻疹混合疫苗、活性減毒日本腦炎疫苗、白喉破傷風非細胞性百日咳及不活化小兒麻痺混合疫苗、A型肝炎疫苗、卡介苗,,,,,20230731
106,3531143444,蘆洲區,兒樂吉診所,(02)22812787,,新北市蘆洲區民族路267號,合約診所,週一至週日08:00-12:00、15:00-18:00、18:30-21:30,B型肝炎疫苗、五合一疫苗、13價肺炎鏈球菌疫苗、水痘、麻疹腮腺炎德國麻疹混合疫苗、活性減毒日本腦炎疫苗、白喉破傷風非細胞性百日咳及不活化小兒麻痺混合疫苗、A型肝炎疫苗,,,,,20230731
107,3531142858,蘆洲區,宥生婦產科診所,(02)22835758,,新北市蘆洲區三民路13-15號,合約診所,週一~週六09:00-12:00、14:30-18:00、19:00-22:00,B型肝炎疫苗、五合一疫苗、13價肺炎鏈球菌疫苗、水痘、麻疹腮腺炎德國麻疹混合疫苗、活性減毒日本腦炎疫苗、白喉破傷風非細胞性百日咳及不活化小兒麻痺混合疫苗、A型肝炎疫苗,,,,,20230731
108,3531143024,蘆洲區,宥宥小兒科診所,(02)22898555,,新北市蘆洲區長榮路175號,合約診所,週一至週六08:30-11:30、15:00-17:30、18:30-21:00,B型肝炎疫苗、五合一疫苗、13價肺炎鏈球菌疫苗、水痘、麻疹腮腺炎德國麻疹混合疫苗、活性減毒日本腦炎疫苗、白喉破傷風非細胞性百日咳及不活化小兒麻痺混合疫苗、A型肝炎疫苗、卡介苗,,,,,20230731
109,3531140505,蘆洲區,蘆洲李耳鼻喉科診所,(02)82815488,,新北市蘆洲區中華街63號1樓,合約診所,週一至週日早上8:00至晚上10:30,B型肝炎疫苗、五合一疫苗、13價肺炎鏈球菌疫苗、水痘、麻疹腮腺炎德國麻疹混合疫苗、活性減毒日本腦炎疫苗、白喉破傷風非細胞性百日咳及不活化小兒麻痺混合疫苗、A型肝炎疫苗,,,,,20230731
110,3531143033,蘆洲區,杏東診所,(02)22816090,,新北市蘆洲區中正路9號,合約診所,週一至週六08:30-12:00、15:00-18:00、19:00-22:00,B型肝炎疫苗、五合一疫苗、13價肺炎鏈球菌疫苗、水痘、麻疹腮腺炎德國麻疹混合疫苗、活性減毒日本腦炎疫苗、白喉破傷風非細胞性百日咳及不活化小兒麻痺混合疫苗、A型肝炎疫苗,,,,,20230731
111,3531142947,蘆洲區,本一診所,(02)22836622,,新北市蘆洲區長榮路43-1號1樓,合約診所,"週一至週四08:30-12:00、15:00-17:30、18:30-21:00
週六、日09:00-12:00",B型肝炎疫苗、五合一疫苗、13價肺炎鏈球菌疫苗、水痘、麻疹腮腺炎德國麻疹混合疫苗、活性減毒日本腦炎疫苗、白喉破傷風非細胞性百日咳及不活化小兒麻痺混合疫苗、A型肝炎疫苗,,,,,20230731
112,3531142705,蘆洲區,宥宥婦幼診所,(02)82839090,,新北市蘆洲區長榮路58號,合約診所,"週一至週五上午8:00-12:00、下午14:30-20:30
週六上午8:00-12:00",B型肝炎疫苗、五合一疫苗、13價肺炎鏈球菌疫苗、水痘、麻疹腮腺炎德國麻疹混合疫苗、活性減毒日本腦炎疫苗、白喉破傷風非細胞性百日咳及不活化小兒麻痺混合疫苗、A型肝炎疫苗,,,,,20230731
113,3531142545,蘆洲區,長榮耳鼻喉科診所,(02)22823350,,新北市蘆洲區長榮路15號1樓,合約診所,"週一至週六08:30-12:00、15:00-18:00、19:00-22:00
週日08:30-12:00",B型肝炎疫苗、五合一疫苗、13價肺炎鏈球菌疫苗、水痘、麻疹腮腺炎德國麻疹混合疫苗、活性減毒日本腦炎疫苗、白喉破傷風非細胞性百日咳及不活化小兒麻痺混合疫苗、A型肝炎疫苗,,,,,20230731
114,3531143364,蘆洲區,俊亨婦產科,(02)22838077,,新北市蘆洲區中山2路135號,合約診所,週一至週六上午9:00-12:00、下午14:30-18:00、晚間19:00-22:00,B型肝炎疫苗、五合一疫苗、13價肺炎鏈球菌疫苗、水痘、麻疹腮腺炎德國麻疹混合疫苗、活性減毒日本腦炎疫苗、白喉破傷風非細胞性百日咳及不活化小兒麻痺混合疫苗、A型肝炎疫苗,,,,,20230731
115,3531143766,蘆洲區,愛樂親子診所,(02)22832288,,新北市蘆洲區長樂路168號,合約診所,"週一、二、四、五上午8:00-12:00、下午15:00-18:00、晚間18:30-21:00
週三上午8:00-12:00
週六、日上午9:00-12:00、15:00-18:00",B型肝炎疫苗、五合一疫苗、13價肺炎鏈球菌疫苗、水痘、麻疹腮腺炎德國麻疹混合疫苗、活性減毒日本腦炎疫苗、白喉破傷風非細胞性百日咳及不活化小兒麻痺混合疫苗、A型肝炎疫苗,,,,,20230731
116,3531063969,新莊區,新莊惠欣婦產科小兒科診所,(02)29902299,,新北市新莊區建中街72之1號,合約診所,星期一至星期六9:00-12:00、14:30-18:00、18:30-21:30,B型肝炎疫苗、五合一疫苗、13價肺炎鏈球菌疫苗、水痘、麻疹腮腺炎德國麻疹混合疫苗、活性減毒日本腦炎疫苗、白喉破傷風非細胞性百日咳及不活化小兒麻痺混合疫苗、A型肝炎疫苗,,,,,20230731
117,3531061830,新莊區,王榮文小兒科診所,(02)89915595,,新北市新莊區中和街149號,合約診所,星期一至星期六08:30-12:00、15:00-18:00、19:00-22:00,B型肝炎疫苗、五合一疫苗、13價肺炎鏈球菌疫苗、水痘、麻疹腮腺炎德國麻疹混合疫苗、活性減毒日本腦炎疫苗、白喉破傷風非細胞性百日咳及不活化小兒麻痺混合疫苗、A型肝炎疫苗,,,,,20230731
118,131060029,新莊區,衛生福利部臺北醫院,(02)22765566,,新北市新莊區思源路127號,合約診所,"星期一至星期五9:00-12:00、13:30-16:30
＊卡介苗為每個月1次.",B型肝炎疫苗、五合一疫苗、13價肺炎鏈球菌疫苗、水痘、麻疹腮腺炎德國麻疹混合疫苗、活性減毒日本腦炎疫苗、白喉破傷風非細胞性百日咳及不活化小兒麻痺混合疫苗、A型肝炎疫苗、B型肝炎免疫球蛋白,,,,,20230731
119,3531061643,新莊區,祐幼小兒科診所,(02)22030993,,新北市新莊區民安西路21號,合約診所,"星期一至六8:00-12:00、14:30-18:00、19:00-22:00
星期日08:00-12:00
(星期日下午休診)",B型肝炎疫苗、五合一疫苗、13價肺炎鏈球菌疫苗、水痘、麻疹腮腺炎德國麻疹混合疫苗、活性減毒日本腦炎疫苗、白喉破傷風非細胞性百日咳及不活化小兒麻痺混合疫苗、A型肝炎疫苗,,,,,20230731
120,3531064082,新莊區,曜生婦產科診所,(02)22763535,,新北市新莊區中正路243號,合約診所,"星期一至星期五09:00-12:00、14:30-20:20
星期六09:00-12:00",B型肝炎疫苗、五合一疫苗、13價肺炎鏈球菌疫苗、水痘、麻疹腮腺炎德國麻疹混合疫苗、活性減毒日本腦炎疫苗、白喉破傷風非細胞性百日咳及不活化小兒麻痺混合疫苗、A型肝炎疫苗、B型肝炎免疫球蛋白,,,,,20230731
121,3531060995,新莊區,陳世昌婦產科診所,(02)22066020,,新北市新莊區後港一路100號,合約診所,"星期一至星期六08:30-12:00、15:00-18:00、19:00-20:00
(星期六晚上休診)",B型肝炎疫苗、五合一疫苗、13價肺炎鏈球菌疫苗、水痘、麻疹腮腺炎德國麻疹混合疫苗、活性減毒日本腦炎疫苗、白喉破傷風非細胞性百日咳及不活化小兒麻痺混合疫苗、A型肝炎疫苗,,,,,20230731
122,3531063629,新莊區,志銘小兒科診所,(02)22068999,,新北市新莊區民安路168號,合約診所,"星期一至星期六8:00-12:00、14:30-18:00、19:00-22:00
星期日8:00-12:00",B型肝炎疫苗、五合一疫苗、13價肺炎鏈球菌疫苗、水痘、麻疹腮腺炎德國麻疹混合疫苗、活性減毒日本腦炎疫苗、白喉破傷風非細胞性百日咳及不活化小兒麻痺混合疫苗、A型肝炎疫苗,,,,,20230731
123,3531064019,新莊區,宏祐診所,(02)29072150,,新北市新莊區中正路879-3號,合約診所,星期一至星期六8:30-12:00、15:00-18:00、18:30-21:30,B型肝炎疫苗、五合一疫苗、13價肺炎鏈球菌疫苗、水痘、麻疹腮腺炎德國麻疹混合疫苗、活性減毒日本腦炎疫苗、白喉破傷風非細胞性百日咳及不活化小兒麻痺混合疫苗、A型肝炎疫苗,,,,,20230731
124,3531063647,新莊區,幸福小兒科診所,(02)29919474,,新北市新莊區幸福路729號,合約診所,星期一至星期六9:00-12:00、15:00-18:00、19:00-22:00,B型肝炎疫苗、五合一疫苗、13價肺炎鏈球菌疫苗、水痘、麻疹腮腺炎德國麻疹混合疫苗、活性減毒日本腦炎疫苗、白喉破傷風非細胞性百日咳及不活化小兒麻痺混合疫苗、A型肝炎疫苗,,,,,20230731
125,3531064457,新莊區,春詠診所,(02)22033355,,新北市新莊區龍安路278巷2號,合約診所,星期一至星期日8:00-12:00、15:00-18:00、18:30-21:30,B型肝炎疫苗、五合一疫苗、13價肺炎鏈球菌疫苗、水痘、麻疹腮腺炎德國麻疹混合疫苗、活性減毒日本腦炎疫苗、白喉破傷風非細胞性百日咳及不活化小兒麻痺混合疫苗、A型肝炎疫苗,,,,,20230731
126,3531061607,新莊區,榜生婦產科診所,(02)22034701,,新北市新莊區龍安路339號,合約診所,"星期一、二、四、五、六9:00-12:00
星期一、星期五14:30-18:00
星期三18:30-21:30",B型肝炎疫苗、五合一疫苗、13價肺炎鏈球菌疫苗、水痘、麻疹腮腺炎德國麻疹混合疫苗、活性減毒日本腦炎疫苗、白喉破傷風非細胞性百日咳及不活化小兒麻痺混合疫苗、A型肝炎疫苗、B型肝炎免疫球蛋白,,,,,20230731
127,131060010,新莊區,衛生福利部樂生療養院,(02)82006600,2188,新北市新莊區中正路794號,合約診所,"星期一至星期五9:00-12:00、18:00-21:00
星期六9:00-12:00",B型肝炎疫苗、五合一疫苗、13價肺炎鏈球菌疫苗、水痘、麻疹腮腺炎德國麻疹混合疫苗、活性減毒日本腦炎疫苗、白喉破傷風非細胞性百日咳及不活化小兒麻痺混合疫苗、A型肝炎疫苗,,,,,20230731
128,3531065623,新莊區,天佑診所,(02)29924069,,新北市新莊區幸福路670巷2弄21號,合約診所,"週一至週六9:00-12:00、14:30-18:00、19:00-22:00
※週六晚診及週日休診
＊卡介苗為每週五下午14:00-16:00",B型肝炎疫苗、五合一疫苗、13價肺炎鏈球菌疫苗、水痘、麻疹腮腺炎德國麻疹混合疫苗、活性減毒日本腦炎疫苗、白喉破傷風非細胞性百日咳及不活化小兒麻痺混合疫苗、A型肝炎疫苗、卡介苗、育齡婦女MMR,,,,,20230731
129,3531065133,新莊區,禾欣診所,(02)89911091,,新北市新莊區復興路1段91號1樓,合約診所,"星期一至星期五8:00-12:00
星期六15:00-18:00
星期五、星期六晚上18:30-21:30
（星期三晚上休診）",B型肝炎疫苗、五合一疫苗、13價肺炎鏈球菌疫苗、水痘、麻疹腮腺炎德國麻疹混合疫苗、活性減毒日本腦炎疫苗、白喉破傷風非細胞性百日咳及不活化小兒麻痺混合疫苗、A型肝炎疫苗,,,,,20230731
130,3531065169,新莊區,樂寶兒婦幼診所,(02)29901122,,新北市新莊區中正路82-1號,合約診所,"星期一至星期五上午9:30-12:30、14:30-18:00、18:30-21:30
星期日9:30-12:30、14:30-18:00
＊卡介苗為星期三15:00-17:00
(星期六全天休診)",B型肝炎疫苗、五合一疫苗、13價肺炎鏈球菌疫苗、水痘、麻疹腮腺炎德國麻疹混合疫苗、活性減毒日本腦炎疫苗、白喉破傷風非細胞性百日咳及不活化小兒麻痺混合疫苗、A型肝炎疫苗、B型肝炎免疫球蛋白,,,,,20230731
131,3531060806,新莊區,天給婦產科診所,(02)29927196,,新北市新莊區幸福路670巷2弄23號,合約診所,星期一至星期六,B型肝炎疫苗、五合一疫苗、13價肺炎鏈球菌疫苗、水痘、麻疹腮腺炎德國麻疹混合疫苗、活性減毒日本腦炎疫苗、白喉破傷風非細胞性百日咳及不活化小兒麻痺混合疫苗、A型肝炎疫苗、B型肝炎免疫球蛋白,,,,,20230731
132,3531064304,新莊區,公園診所,(02)29943101,,新北市新莊區公園路58號,合約診所,"星期一至星期六8:45-12:00、15:00-17:30、18:30-21:30
(星期日全天休診)",B型肝炎疫苗、五合一疫苗、13價肺炎鏈球菌疫苗、水痘、麻疹腮腺炎德國麻疹混合疫苗、活性減毒日本腦炎疫苗、白喉破傷風非細胞性百日咳及不活化小兒麻痺混合疫苗、A型肝炎疫苗,,,,,20230731
133,3531065561,新莊區,育慶小兒科診所,(02)82016758,,新北市新莊區民安西路195-1號,合約診所,"星期一至星期六8:30-12:00、15:30-18:30、18:30-21:30
星期日9:00-12:00、18:30-21:30",B型肝炎疫苗、五合一疫苗、13價肺炎鏈球菌疫苗、水痘、麻疹腮腺炎德國麻疹混合疫苗、活性減毒日本腦炎疫苗、白喉破傷風非細胞性百日咳及不活化小兒麻痺混合疫苗、A型肝炎疫苗,,,,,20230731
134,3531066282,新莊區,建嘉小兒科診所,(02)29925105,,新北市新莊區中誠街40號,合約診所,"星期一至星期六8:30-12:00、15:00-18:00、18:30-21:30
(星期日全天休診)",B型肝炎疫苗、五合一疫苗、13價肺炎鏈球菌疫苗、水痘、麻疹腮腺炎德國麻疹混合疫苗、活性減毒日本腦炎疫苗、白喉破傷風非細胞性百日咳及不活化小兒麻痺混合疫苗、A型肝炎疫苗,,,,,20230731
135,3531066068,新莊區,軒琪耳鼻喉科診所,(02)29072366,,新北市新莊區富國路15號,合約診所,"星期一、三、五、日18:30-22:00
星期二、四、六15:30-18:30",B型肝炎疫苗、五合一疫苗、13價肺炎鏈球菌疫苗、水痘、麻疹腮腺炎德國麻疹混合疫苗、活性減毒日本腦炎疫苗、白喉破傷風非細胞性百日咳及不活化小兒麻痺混合疫苗、A型肝炎疫苗,,,,,20230731
136,3531066166,新莊區,巧兒親子診所,(02)22779263,,新北市新莊區建中街92號1樓,合約診所,週一至週日8:00-12:00、14:00-18:00、18:30-22:00,B型肝炎疫苗、五合一疫苗、13價肺炎鏈球菌疫苗、水痘、麻疹腮腺炎德國麻疹混合疫苗、活性減毒日本腦炎疫苗、白喉破傷風非細胞性百日咳及不活化小兒麻痺混合疫苗、A型肝炎疫苗,,,,,20230731
137,3531066237,新莊區,立安耳鼻喉科診所,(02)29933885,,新北市新莊區福壽街134號1樓,合約診所,"星期一至星期六8:30-12:00、15:00-18:00、18:30-20:00
星期日8:30-12:00、18:30-22:00",B型肝炎疫苗、五合一疫苗、13價肺炎鏈球菌疫苗、水痘、麻疹腮腺炎德國麻疹混合疫苗、活性減毒日本腦炎疫苗、白喉破傷風非細胞性百日咳及不活化小兒麻痺混合疫苗、A型肝炎疫苗,,,,,20230731
138,3531066264,新莊區,思賢診所,(02)29923806,,新北市新莊區自立街200號,合約診所,"週一至週五08:00-12:00、15:00-21:00
週六及週日08:00-12:00",B型肝炎疫苗、五合一疫苗、13價肺炎鏈球菌疫苗、水痘、麻疹腮腺炎德國麻疹混合疫苗、活性減毒日本腦炎疫苗、白喉破傷風非細胞性百日咳及不活化小兒麻痺混合疫苗、A型肝炎疫苗,,,,,20230731
139,3531066291,新莊區,果仁小兒科診所,(02)85225828,,新北市新莊區中原路146號1樓,合約診所,"週ㄧ至週六08:00-12:00、15:00-21:00
週日08:00-12:00",B型肝炎疫苗、五合一疫苗、13價肺炎鏈球菌疫苗、水痘、麻疹腮腺炎德國麻疹混合疫苗、活性減毒日本腦炎疫苗、白喉破傷風非細胞性百日咳及不活化小兒麻痺混合疫苗、A型肝炎疫苗、育齡婦女MMR,,,,,20230731
140,3531066433,新莊區,軒禾診所,(02)2906-6999,,新北市新莊區天祥街114號,合約診所,"週一至週日早上8:30-12:00、下午16:30-18:00、晚上18:30-21:30
週四上午休診",B型肝炎疫苗、五合一疫苗、13價肺炎鏈球菌疫苗、水痘、麻疹腮腺炎德國麻疹混合疫苗、活性減毒日本腦炎疫苗、白喉破傷風非細胞性百日咳及不活化小兒麻痺混合疫苗、A型肝炎疫苗,,,,,20230731
141,3531066568,新莊區,張博堯診所,(02)29986665,,新北市新莊區中榮街116號1樓,合約診所,"星期一至星期六8:45-12:00、15:00-17:30、18:30-21:30
(星期日全天休診)",B型肝炎疫苗、五合一疫苗、13價肺炎鏈球菌疫苗、水痘、麻疹腮腺炎德國麻疹混合疫苗、活性減毒日本腦炎疫苗、白喉破傷風非細胞性百日咳及不活化小兒麻痺混合疫苗、A型肝炎疫苗,,,,,20230731
142,1131090019,三峽區,行天宮醫療志業醫療財團法人恩主公醫院,(02)26723456,6253,新北市三峽區復興路399號,合約診所,"週二、四14:00-16:30
週五8:30~10:00(僅接種BCG)
週六8:00-11:30",B型肝炎疫苗、五合一疫苗、13價肺炎鏈球菌疫苗、水痘、麻疹腮腺炎德國麻疹混合疫苗、活性減毒日本腦炎疫苗、白喉破傷風非細胞性百日咳及不活化小兒麻痺混合疫苗、A型肝炎疫苗、卡介苗、B型肝炎免疫球蛋白,,,,,20230731
143,3531091963,三峽區,悅兒診所,(02)86741615,,新北市三峽學成路329號,合約診所,週一至週六8:00-12:00、15:00-18:00、18:30-21:30,B型肝炎疫苗、五合一疫苗、13價肺炎鏈球菌疫苗、水痘、麻疹腮腺炎德國麻疹混合疫苗、活性減毒日本腦炎疫苗、白喉破傷風非細胞性百日咳及不活化小兒麻痺混合疫苗、A型肝炎疫苗,,,,,20230731
144,3531090206,三峽區,永澄診所,(02)26732674,,新北市三峽光明路20號1樓,合約診所,"週一至日上午8:30-12:00、14:00-17:00、18:00-21:00
國定假日上午8:30-12:00",B型肝炎疫苗、五合一疫苗、13價肺炎鏈球菌疫苗、水痘、麻疹腮腺炎德國麻疹混合疫苗、活性減毒日本腦炎疫苗、白喉破傷風非細胞性百日咳及不活化小兒麻痺混合疫苗、A型肝炎疫苗,,,,,20230731
145,3531092068,三峽區,北大小兒科診所,(02)26718080,,新北市三峽大學路87號1樓,合約診所,"週一至週日8:00-12:00
週一至週六15:00-18:00、18:30-21:30",B型肝炎疫苗、五合一疫苗、13價肺炎鏈球菌疫苗、水痘、麻疹腮腺炎德國麻疹混合疫苗、活性減毒日本腦炎疫苗、白喉破傷風非細胞性百日咳及不活化小兒麻痺混合疫苗、A型肝炎疫苗,,,,,20230731
146,3531090288,三峽區,詹小兒科診所,(02)26742308,,新北市三峽中華路13-6號,合約診所,"週一至週日8:00-12:00
週一至週六15:30-18:00、18:30-21:00",B型肝炎疫苗、五合一疫苗、13價肺炎鏈球菌疫苗、水痘、麻疹腮腺炎德國麻疹混合疫苗、活性減毒日本腦炎疫苗、白喉破傷風非細胞性百日咳及不活化小兒麻痺混合疫苗、A型肝炎疫苗,,,,,20230731
147,3531092102,三峽區,星龍診所,(02)26711676,,新北市三峽區國際一街5號,合約診所,"週一至週六8:00-12:00、15:00-18:00、18:30-21:30
星期日8:00-12:00",B型肝炎疫苗、五合一疫苗、13價肺炎鏈球菌疫苗、水痘、麻疹腮腺炎德國麻疹混合疫苗、活性減毒日本腦炎疫苗、白喉破傷風非細胞性百日咳及不活化小兒麻痺混合疫苗、A型肝炎疫苗,,,,,20230731
148,3531080344,鶯歌區,麥婦產科診所,(02)26788600,,新北市鶯歌區鶯桃路573號,合約診所,星期一至星期六7:30-12:00、15:00-18:00、18:30-21:30,B型肝炎疫苗、五合一疫苗、13價肺炎鏈球菌疫苗、水痘、麻疹腮腺炎德國麻疹混合疫苗、活性減毒日本腦炎疫苗、白喉破傷風非細胞性百日咳及不活化小兒麻痺混合疫苗、A型肝炎疫苗、B型肝炎免疫球蛋白,,,,,20230731
149,3531081538,鶯歌區,怡兒診所,(02)26707200,,新北市鶯歌區建國路173號,合約診所,星期一至星期六7:30-12:00、15:00-18:00、18:30-21:30,B型肝炎疫苗、五合一疫苗、13價肺炎鏈球菌疫苗、水痘、麻疹腮腺炎德國麻疹混合疫苗、活性減毒日本腦炎疫苗、白喉破傷風非細胞性百日咳及不活化小兒麻痺混合疫苗、A型肝炎疫苗,,,,,20230731
150,3531081663,鶯歌區,金鶯診所,(02)26702559,,新北市鶯歌區國慶街167號,合約診所,星期一至星期日7:30-21:20,B型肝炎疫苗、五合一疫苗、13價肺炎鏈球菌疫苗、水痘、麻疹腮腺炎德國麻疹混合疫苗、活性減毒日本腦炎疫苗、白喉破傷風非細胞性百日咳及不活化小兒麻痺混合疫苗、A型肝炎疫苗,,,,,20230731
151,3531080200,鶯歌區,崇文診所,(02)26783377,,新北市鶯歌區國慶街141號,合約診所,星期一至星期六8:00-12:00、14:00-18:00、18:30-21:30,B型肝炎疫苗、五合一疫苗、13價肺炎鏈球菌疫苗、水痘、麻疹腮腺炎德國麻疹混合疫苗、活性減毒日本腦炎疫苗、白喉破傷風非細胞性百日咳及不活化小兒麻痺混合疫苗、A型肝炎疫苗,,,,,20230731
152,1131100010,淡水區,財團法人基督長老教會馬偕紀念醫院淡水分院,(02)28094661,,新北市淡水區民生路45號,合約診所,"星期一至星期五健兒門診
上午9:00-12:00
下午2:00-5:00
＊卡介苗(需掛號處先預約)
星期二上午9：00-12：00",B型肝炎疫苗、五合一疫苗、13價肺炎鏈球菌疫苗、水痘、麻疹腮腺炎德國麻疹混合疫苗、活性減毒日本腦炎疫苗、白喉破傷風非細胞性百日咳及不活化小兒麻痺混合疫苗、A型肝炎疫苗、卡介苗、育齡婦女MMR,,,,,20230731
153,3531100529,淡水區,鴻恩診所,(02)28082277,,新北市淡水區民族路50巷1號1耬,合約診所,"星期一至星期六
上午8:30-12:00
下午3:30-17:30
晚上6:00-9:00",B型肝炎疫苗、五合一疫苗、13價肺炎鏈球菌疫苗、水痘、麻疹腮腺炎德國麻疹混合疫苗、活性減毒日本腦炎疫苗、白喉破傷風非細胞性百日咳及不活化小兒麻痺混合疫苗、A型肝炎疫苗,,,,,20230731
154,3531104821,淡水區,祐銘耳鼻喉科診所,(02)88095239,,新北市淡水區民族路31號,合約診所,"星期二至星期五
上午8:30-12:00
",B型肝炎疫苗、五合一疫苗、13價肺炎鏈球菌疫苗、水痘、麻疹腮腺炎德國麻疹混合疫苗、活性減毒日本腦炎疫苗、白喉破傷風非細胞性百日咳及不活化小兒麻痺混合疫苗、A型肝炎疫苗,,,,,20230731
155,3531105060,淡水區,康如診所,(02)26263332,,新北市淡水區學府路24號1樓,合約診所,"星期二、五
上午9:00-12:00
下午3:00-6:00
晚上6:30-9:30
星期三
上午9:00-12:00
下午3:00-6:00
星期六
上午9:00-12:00",B型肝炎疫苗、五合一疫苗、13價肺炎鏈球菌疫苗、水痘、麻疹腮腺炎德國麻疹混合疫苗、活性減毒日本腦炎疫苗、白喉破傷風非細胞性百日咳及不活化小兒麻痺混合疫苗、A型肝炎疫苗,,,,,20230731
156,3531100047,淡水區,黃秋陽診所,(02)26229596,,新北市淡水區中山路7號,合約診所,"週一至週五
上午8:30-12:00
下午15:00-18:00
晚上19:00-21:30
週六
上午8:30-12:00
下午15:00-18:00",B型肝炎疫苗、五合一疫苗、13價肺炎鏈球菌疫苗、水痘、麻疹腮腺炎德國麻疹混合疫苗、活性減毒日本腦炎疫苗、白喉破傷風非細胞性百日咳及不活化小兒麻痺混合疫苗、A型肝炎疫苗,,,,,20230731
157,3531100234,淡水區,陳世芳診所,(02)26227467,,新北市淡水區重建街198號,合約診所,"星期一至星期五
上午8:30-11:30
下午3:30-17:30
晚上7:00-9:00
星期六
上午8:30-11:30",B型肝炎疫苗、五合一疫苗、13價肺炎鏈球菌疫苗、水痘、麻疹腮腺炎德國麻疹混合疫苗、活性減毒日本腦炎疫苗、白喉破傷風非細胞性百日咳及不活化小兒麻痺混合疫苗、A型肝炎疫苗,,,,,20230731
158,3531105011,淡水區,卓訓德診所,(02)26202022,,新北市淡水區新市一路3段36號1樓,合約診所,"星期一、星期三至星期日（週二休診）
上午8:30-12:00
下午2:30-6:00
晚上6:30-10:00",B型肝炎疫苗、五合一疫苗、13價肺炎鏈球菌疫苗、水痘、麻疹腮腺炎德國麻疹混合疫苗、活性減毒日本腦炎疫苗、白喉破傷風非細胞性百日咳及不活化小兒麻痺混合疫苗、A型肝炎疫苗,,,,,20230731
159,3531100412,淡水區,劉小冰小兒科診所,(02)26296982,,新北市淡水區北新路175號,合約診所,"星期一至星期五
上午8:30-12:00
下午2:30-9:30
星期六
上午8:30-12:00",B型肝炎疫苗、五合一疫苗、13價肺炎鏈球菌疫苗、水痘、麻疹腮腺炎德國麻疹混合疫苗、活性減毒日本腦炎疫苗、白喉破傷風非細胞性百日咳及不活化小兒麻痺混合疫苗、A型肝炎疫苗,,,,,20230731
160,3531104947,淡水區,瑞安診所,(02)26203669,,新北市淡水區北新路182巷61號,合約診所,"星期一至星期五
上午8:30-12:00
星期六、日、國定假日(需來電預約)
上午8:30-12:00",B型肝炎疫苗、五合一疫苗、13價肺炎鏈球菌疫苗、水痘、麻疹腮腺炎德國麻疹混合疫苗、活性減毒日本腦炎疫苗、白喉破傷風非細胞性百日咳及不活化小兒麻痺混合疫苗、A型肝炎疫苗,,,,,20230731
161,3531161595,泰山區,王嘉興診所,(02)85314123,,新北市泰山區明志路1段271號,合約診所,星期一至星期日8:00-12:00、15:00-18:00、18:30-21:30,B型肝炎疫苗、五合一疫苗、13價肺炎鏈球菌疫苗、水痘、麻疹腮腺炎德國麻疹混合疫苗、活性減毒日本腦炎疫苗、白喉破傷風非細胞性百日咳及不活化小兒麻痺混合疫苗、A型肝炎疫苗,,,,,20230731
162,1331160010,泰山區,輔仁大學學校財團法人輔仁大學附設醫院,(02)85128888,,新北市泰山區貴子路69號,合約診所,星期一至星期六7:30-12:00、15:00-18:00、18:30-21:30,B型肝炎疫苗、五合一疫苗、13價肺炎鏈球菌疫苗、水痘、麻疹腮腺炎德國麻疹混合疫苗、活性減毒日本腦炎疫苗、白喉破傷風非細胞性百日咳及不活化小兒麻痺混合疫苗、A型肝炎疫苗、卡介苗、B型肝炎免疫球蛋白,,,,,20230731
163,3531161684,泰山區,永旭診所,(02)22979722,,新北市泰山區仁愛路112-2號,合約診所,星期一至星期六7:30-12:00、15:00-18:00、18:30-21:30,B型肝炎疫苗、五合一疫苗、13價肺炎鏈球菌疫苗、水痘、麻疹腮腺炎德國麻疹混合疫苗、活性減毒日本腦炎疫苗、白喉破傷風非細胞性百日咳及不活化小兒麻痺混合疫苗、A型肝炎疫苗,,,,,20230731
164,3531161666,泰山區,弘森診所,(02)29090568,,新北市泰山區明志路1段257號,合約診所,先預約查詢有無疫苗，再安排接種。,B型肝炎疫苗、五合一疫苗、13價肺炎鏈球菌疫苗、水痘、麻疹腮腺炎德國麻疹混合疫苗、活性減毒日本腦炎疫苗、白喉破傷風非細胞性百日咳及不活化小兒麻痺混合疫苗、A型肝炎疫苗,,,,,20230731
165,3531161559,泰山區,佳欣診所,(02)29048622,,新北市泰山區明志路2段336號,合約診所,"星期一至星期五8:00:12:0014:30-17:3018:00-21:00(星期三下午休診)
星期六8:00-12:00",B型肝炎疫苗、五合一疫苗、13價肺炎鏈球菌疫苗、水痘、麻疹腮腺炎德國麻疹混合疫苗、活性減毒日本腦炎疫苗、白喉破傷風非細胞性百日咳及不活化小兒麻痺混合疫苗、A型肝炎疫苗,,,,,20230731
166,3531161568,泰山區,泰和診所,(02)85315320,,新北市泰山區明志路2段62號,合約診所,"週一至週六早上8:00-12:00、14:00-17:30、18:30-21:00
星期六無夜診",B型肝炎疫苗、五合一疫苗、13價肺炎鏈球菌疫苗、水痘、麻疹腮腺炎德國麻疹混合疫苗、活性減毒日本腦炎疫苗、白喉破傷風非細胞性百日咳及不活化小兒麻痺混合疫苗、A型肝炎疫苗,,,,,20230731
167,3531133037,土城區,永佳婦產專科診所,(02)22631188,,新北市土城區金城路2段250號,合約診所,"週一至週六9:00-11:30、14:30-17:00、18:30-21:30
卡介苗時間需電詢",B型肝炎疫苗、五合一疫苗、13價肺炎鏈球菌疫苗、水痘、麻疹腮腺炎德國麻疹混合疫苗、活性減毒日本腦炎疫苗、白喉破傷風非細胞性百日咳及不活化小兒麻痺混合疫苗、A型肝炎疫苗、卡介苗、B型肝炎免疫球蛋白、育齡婦女MMR,,,,,20230731
168,3531130125,土城區,秀偉小兒科診所,(02)22620555,,新北市土城區金城路2段380號,合約診所,週一至週六8:00-17:00(中午不休診),B型肝炎疫苗、五合一疫苗、13價肺炎鏈球菌疫苗、水痘、麻疹腮腺炎德國麻疹混合疫苗、活性減毒日本腦炎疫苗、白喉破傷風非細胞性百日咳及不活化小兒麻痺混合疫苗、A型肝炎疫苗,,,,,20230731
169,3531130483,土城區,土城診所,(02)22603307,,新北市土城區中央路2段177巷22號,合約診所,"週一至五上午9:00-12:00、下午16:00-21:00
週六上午9:00-12:00",B型肝炎疫苗、五合一疫苗、13價肺炎鏈球菌疫苗、水痘、麻疹腮腺炎德國麻疹混合疫苗、活性減毒日本腦炎疫苗、白喉破傷風非細胞性百日咳及不活化小兒麻痺混合疫苗、A型肝炎疫苗,,,,,20230731
170,3531130536,土城區,維安小兒科診所,(02)22668575,,新北市土城區中央路1段67-2號,合約診所,"週一上午8:30-12:00、週二19:00-22:00
週三上午14:00-18:00、下午19:00-22:00
週四至週日8:30-12:00、14:00-18:00、19:00-22:00",B型肝炎疫苗、五合一疫苗、13價肺炎鏈球菌疫苗、水痘、麻疹腮腺炎德國麻疹混合疫苗、活性減毒日本腦炎疫苗、白喉破傷風非細胞性百日咳及不活化小兒麻痺混合疫苗、A型肝炎疫苗,,,,,20230731
171,3531133117,土城區,維誠小兒科診所,(02)22668575,,新北市土城區中央路1段67-2號,合約診所,"週一8:30-12:00
週二19:00-22:00
週三14:00-18:00、19:00-22:00
週四至週日8:30-12:00、14:00-18:00、19:00-22:00",B型肝炎疫苗、五合一疫苗、13價肺炎鏈球菌疫苗、水痘、麻疹腮腺炎德國麻疹混合疫苗、活性減毒日本腦炎疫苗、白喉破傷風非細胞性百日咳及不活化小兒麻痺混合疫苗、A型肝炎疫苗,,,,,20230731
172,3531130634,土城區,蔡永福小兒科診所,(02)22669887,,新北市土城區金城路3段176-1號,合約診所,"週一至五8:30-11:50、16:00-17:50、19:00-21:00
週六8:30-11:50",B型肝炎疫苗、五合一疫苗、13價肺炎鏈球菌疫苗、水痘、麻疹腮腺炎德國麻疹混合疫苗、活性減毒日本腦炎疫苗、白喉破傷風非細胞性百日咳及不活化小兒麻痺混合疫苗、A型肝炎疫苗,,,,,20230731
173,3531132389,土城區,羅文亮小兒科診所,(02)82623060,,新北市土城區裕民路144號,合約診所,"週一至五8:30-12:00、14:30-17:30、18:30-21:30
週六8:30-12:00",B型肝炎疫苗、五合一疫苗、13價肺炎鏈球菌疫苗、水痘、麻疹腮腺炎德國麻疹混合疫苗、活性減毒日本腦炎疫苗、白喉破傷風非細胞性百日咳及不活化小兒麻痺混合疫苗、A型肝炎疫苗,,,,,20230731
174,3531132585,土城區,吉康小兒科診所,(02)22706596,,新北市土城區學府路1段188號,合約診所,"週一至五8:30-12:00、15:00-21:30
週六8:30-12:00、15:00-18:00
",B型肝炎疫苗、五合一疫苗、13價肺炎鏈球菌疫苗、水痘、麻疹腮腺炎德國麻疹混合疫苗、活性減毒日本腦炎疫苗、白喉破傷風非細胞性百日咳及不活化小兒麻痺混合疫苗、A型肝炎疫苗,,,,,20230731
175,3531132709,土城區,洪正祝小兒科診所,(02)82611080,,新北市土城區延和路112號,合約診所,"週一至六8:30-11:00、15:00-17:00、18:30-20:30
週日8:30-11:00",B型肝炎疫苗、五合一疫苗、13價肺炎鏈球菌疫苗、水痘、麻疹腮腺炎德國麻疹混合疫苗、活性減毒日本腦炎疫苗、白喉破傷風非細胞性百日咳及不活化小兒麻痺混合疫苗、A型肝炎疫苗,,,,,20230731
176,3531132889,土城區,羅林小兒科診所,(02)82733026,,新北市土城區裕民路83號,合約診所,週一至日8:30-12:00、15:00-18:00、18:30-21:30,B型肝炎疫苗、五合一疫苗、13價肺炎鏈球菌疫苗、水痘、麻疹腮腺炎德國麻疹混合疫苗、活性減毒日本腦炎疫苗、白喉破傷風非細胞性百日咳及不活化小兒麻痺混合疫苗、A型肝炎疫苗,,,,,20230731
177,3531133153,土城區,城林小兒科診所,(02)22616166,,新北市土城區中央路2段312號,合約診所,"週一至五9:00-12:00、15:00-18:00、18:30-21:30
週六9:00-12:00
週日休診",B型肝炎疫苗、五合一疫苗、13價肺炎鏈球菌疫苗、水痘、麻疹腮腺炎德國麻疹混合疫苗、活性減毒日本腦炎疫苗、白喉破傷風非細胞性百日咳及不活化小兒麻痺混合疫苗、A型肝炎疫苗,,,,,20230731
178,1131130018,土城區,新北市立土城醫院(委託長庚醫療財團法人興建經營),(02)22630588,,新北市土城區金城路二段6號,合約診所,"週一08:30-11:30、13:30-16:30
週二08:30-11:30
週三08:30-11:30
週四13:30-16:30
週五08:30-11:30
週六08:30-11:30、13:30-16:30
週日休診
卡介苗時間每週一需電詢",B型肝炎疫苗、五合一疫苗、13價肺炎鏈球菌疫苗、水痘、麻疹腮腺炎德國麻疹混合疫苗、活性減毒日本腦炎疫苗、白喉破傷風非細胞性百日咳及不活化小兒麻痺混合疫苗、A型肝炎疫苗、卡介苗,,,,,20230731
179,3531045069,中和區,尚安診所,(02)29571200,,新北市中和區莒光路154號,合約診所,"星期一至星期五8:00-12:00、15:00-18:00、18:30-21:30
星期六8:00-12:00、15:00-18:00
卡介苗採預約制",B型肝炎疫苗、五合一疫苗、13價肺炎鏈球菌疫苗、水痘、麻疹腮腺炎德國麻疹混合疫苗、活性減毒日本腦炎疫苗、白喉破傷風非細胞性百日咳及不活化小兒麻痺混合疫苗、A型肝炎疫苗、卡介苗,,,,,20230731
180,1331040513,中和區,衛生福利部雙和醫院,(02)22490088,,新北市中和區中正路291號,合約診所,"星期一至星期五13:30-16:30
星期六08:30-12:00
＊卡介苗為星期五下午13:30-16:30",B型肝炎疫苗、五合一疫苗、13價肺炎鏈球菌疫苗、水痘、麻疹腮腺炎德國麻疹混合疫苗、活性減毒日本腦炎疫苗、白喉破傷風非細胞性百日咳及不活化小兒麻痺混合疫苗、A型肝炎疫苗、卡介苗、B型肝炎免疫球蛋白,,,,,20230731
181,3531113017,汐止區,馨生婦產科小兒科診所,(02)26927666,,新北市汐止區福德二路215號1樓,合約診所,門診時間,B型肝炎疫苗、五合一疫苗、13價肺炎鏈球菌疫苗、水痘、麻疹腮腺炎德國麻疹混合疫苗、活性減毒日本腦炎疫苗、白喉破傷風非細胞性百日咳及不活化小兒麻痺混合疫苗、A型肝炎疫苗、卡介苗、育齡婦女MMR,,,,,20230731
182,3531113026,汐止區,馨悅婦產科診所,(02)26927666,,新北市汐止區福德二路215號1樓,合約診所,新生兒出生24小時內,B型肝炎疫苗、五合一疫苗、13價肺炎鏈球菌疫苗、水痘、麻疹腮腺炎德國麻疹混合疫苗、活性減毒日本腦炎疫苗、白喉破傷風非細胞性百日咳及不活化小兒麻痺混合疫苗、A型肝炎疫苗、B型肝炎免疫球蛋白,,,,,20230731
183,3531112869,汐止區,三益診所,(02)86915631,,新北市汐止區仁愛路187號,合約診所,"週一至週五08:30-12:00、15:00-18:00、18:30-21:30
週六08:30-12:00、19:00-21:30",B型肝炎疫苗、五合一疫苗、13價肺炎鏈球菌疫苗、水痘、麻疹腮腺炎德國麻疹混合疫苗、活性減毒日本腦炎疫苗、白喉破傷風非細胞性百日咳及不活化小兒麻痺混合疫苗、A型肝炎疫苗,,,,,20230731
184,3531110623,汐止區,弘人小兒科診所,(02)26932439,,新北市汐止區福德二路152號,合約診所,門診時間,B型肝炎疫苗、五合一疫苗、13價肺炎鏈球菌疫苗、水痘、麻疹腮腺炎德國麻疹混合疫苗、活性減毒日本腦炎疫苗、白喉破傷風非細胞性百日咳及不活化小兒麻痺混合疫苗、A型肝炎疫苗,,,,,20230731
185,3531112234,汐止區,吳婦產科診所,(02)86926399,,新北市汐止區大同路2段171號1樓,合約診所,"週一至週五09:00-12:00、14:00-17:00
周六09:00-12:00",B型肝炎疫苗、五合一疫苗、13價肺炎鏈球菌疫苗、水痘、麻疹腮腺炎德國麻疹混合疫苗、活性減毒日本腦炎疫苗、白喉破傷風非細胞性百日咳及不活化小兒麻痺混合疫苗、A型肝炎疫苗、卡介苗,,,,,20230731
186,3531112887,汐止區,德祐小兒科診所,(02)26945180,,新北市汐止區福德一路117-1號,合約診所,"早上8:30-12:00
下午15:00-18:00
晚上18:00-21:30",B型肝炎疫苗、五合一疫苗、13價肺炎鏈球菌疫苗、水痘、麻疹腮腺炎德國麻疹混合疫苗、活性減毒日本腦炎疫苗、白喉破傷風非細胞性百日咳及不活化小兒麻痺混合疫苗、A型肝炎疫苗,,,,,20230731
187,3531112841,汐止區,顏志瑋診所,(02)26417999,,新北市汐止區建成路18號,合約診所,"週一至週六開診時間
早診8:40-12:10晚診5:00-9:30
週二早診及周四晚診休診
週六早診8:40-12:10",B型肝炎疫苗、五合一疫苗、13價肺炎鏈球菌疫苗、水痘、麻疹腮腺炎德國麻疹混合疫苗、活性減毒日本腦炎疫苗、白喉破傷風非細胞性百日咳及不活化小兒麻痺混合疫苗、A型肝炎疫苗,,,,,20230731
188,3531110874,汐止區,羅小兒科診所,(02)86918828,,新北市汐止區忠孝東路244號,合約診所,"門診時間
週一至週五上午8:30-12:00下午6:30-9:00
週六上午8:30-12:00",B型肝炎疫苗、五合一疫苗、13價肺炎鏈球菌疫苗、水痘、麻疹腮腺炎德國麻疹混合疫苗、活性減毒日本腦炎疫苗、白喉破傷風非細胞性百日咳及不活化小兒麻痺混合疫苗、A型肝炎疫苗,,,,,20230731
189,3531112216,汐止區,蘇小兒科診所,(02)26935513,,新北市汐止區福德一路245號,合約診所,08:30-12:00、15:00-18:00、18:30-21:30,B型肝炎疫苗、五合一疫苗、13價肺炎鏈球菌疫苗、水痘、麻疹腮腺炎德國麻疹混合疫苗、活性減毒日本腦炎疫苗、白喉破傷風非細胞性百日咳及不活化小兒麻痺混合疫苗、A型肝炎疫苗,,,,,20230731
190,3531112609,汐止區,雙雙小兒科診所,(02)26955777,,新北市汐止區明峰街143號,合約診所,週一至週六上午08:00-11:30、下午16:00-21:00,B型肝炎疫苗、五合一疫苗、13價肺炎鏈球菌疫苗、水痘、麻疹腮腺炎德國麻疹混合疫苗、活性減毒日本腦炎疫苗、白喉破傷風非細胞性百日咳及不活化小兒麻痺混合疫苗、A型肝炎疫苗,,,,,20230731
191,3531112618,汐止區,福德診所,(02)26959877,,新北市汐止區福德二路171號,合約診所,"星期一到五8:30-11:50、16:00-21:00
星期六8:30-11:50",B型肝炎疫苗、五合一疫苗、13價肺炎鏈球菌疫苗、水痘、麻疹腮腺炎德國麻疹混合疫苗、活性減毒日本腦炎疫苗、白喉破傷風非細胞性百日咳及不活化小兒麻痺混合疫苗、A型肝炎疫苗,,,,,20230731
192,3531112725,汐止區,洪振凱診所,(02)26918877,,新北市汐止區樟樹1路136號,合約診所,週一至週六08:30-12:00、15:00-18:00、18:30-21:30,B型肝炎疫苗、五合一疫苗、13價肺炎鏈球菌疫苗、水痘、麻疹腮腺炎德國麻疹混合疫苗、活性減毒日本腦炎疫苗、白喉破傷風非細胞性百日咳及不活化小兒麻痺混合疫苗、A型肝炎疫苗,,,,,20230731
193,1131110516,汐止區,國泰醫療財團法人汐止國泰綜合醫院,(02)26482121,,新北市汐止區建成路59巷2號,合約診所,"週一至週五8:30-12:30、13:30-21:00
(兒科夜間疫苗注射限周三、周五【報到截止時間20:00】；卡介苗注射請依門診表公告為準)
▲以上服務皆須配合門診報到看診作業時間",B型肝炎疫苗、五合一疫苗、13價肺炎鏈球菌疫苗、水痘、麻疹腮腺炎德國麻疹混合疫苗、活性減毒日本腦炎疫苗、白喉破傷風非細胞性百日咳及不活化小兒麻痺混合疫苗、A型肝炎疫苗、卡介苗、B型肝炎免疫球蛋白,,,,,20230731
194,3531044633,中和區,王俊傑診所,(02)29293636,,新北市中和區中安街8號,合約診所,"週一至週五上午8:30-12:00、下午15:00-18:00、晚上18:30-21:30
週六上午9:00-12:00
週日上午9:00-12:00、晚上18:30-21:00",B型肝炎疫苗、五合一疫苗、13價肺炎鏈球菌疫苗、水痘、麻疹腮腺炎德國麻疹混合疫苗、活性減毒日本腦炎疫苗、白喉破傷風非細胞性百日咳及不活化小兒麻痺混合疫苗、A型肝炎疫苗,,,,,20230731
195,3531042264,中和區,中和仁安診所,(02)86682552,,新北市中和區自強路58號,合約診所,"星期一至星期五08:30-12:00、17:00-21:00
星期六08:30-12:00",B型肝炎疫苗、五合一疫苗、13價肺炎鏈球菌疫苗、水痘、麻疹腮腺炎德國麻疹混合疫苗、活性減毒日本腦炎疫苗、白喉破傷風非細胞性百日咳及不活化小兒麻痺混合疫苗、A型肝炎疫苗,,,,,20230731
196,3531042586,中和區,陳建良耳鼻喉科診所,(02)89413009,,新北市中和區景新街465號,合約診所,"星期一至星期五08:30-12:00、15:00-18:00、19:00-21:30
星期六08:30-12:00、15:00-18:00",B型肝炎疫苗、五合一疫苗、13價肺炎鏈球菌疫苗、水痘、麻疹腮腺炎德國麻疹混合疫苗、活性減毒日本腦炎疫苗、白喉破傷風非細胞性百日咳及不活化小兒麻痺混合疫苗、A型肝炎疫苗,,,,,20230731
197,3531045069,中和區,尚安診所,(02)29571200,,新北市中和區莒光路154號,合約診所,"星期一至星期五8:00-12:00、15:00-18:00、18:30-21:30
星期六8:00-12:00、15:00-18:00
卡介苗採預約制",B型肝炎疫苗、五合一疫苗、13價肺炎鏈球菌疫苗、水痘、麻疹腮腺炎德國麻疹混合疫苗、活性減毒日本腦炎疫苗、白喉破傷風非細胞性百日咳及不活化小兒麻痺混合疫苗、A型肝炎疫苗、卡介苗,,,,,20230731
198,3531044615,中和區,廣祥診所,(02)86683090,,新北市中和區興南路二段29號1樓,合約診所,"星期一至星期六08:30-12:00、14:30-18:00、18:30-22:00
星期日09:00-12:00、18:30-21:00",B型肝炎疫苗、五合一疫苗、13價肺炎鏈球菌疫苗、水痘、麻疹腮腺炎德國麻疹混合疫苗、活性減毒日本腦炎疫苗、白喉破傷風非細胞性百日咳及不活化小兒麻痺混合疫苗、A型肝炎疫苗,,,,,20230731
199,3531044035,中和區,坤暉小兒專科,(02)22269381,,新北市中和區中山路3段94號,合約診所,"星期二至星期五08:30-12:00、15:00-18:00、19:00-21:30
星期六上午09:00-12:00",B型肝炎疫苗、五合一疫苗、13價肺炎鏈球菌疫苗、水痘、麻疹腮腺炎德國麻疹混合疫苗、活性減毒日本腦炎疫苗、白喉破傷風非細胞性百日咳及不活化小兒麻痺混合疫苗、A型肝炎疫苗,,,,,20230731
200,3531043869,中和區,馮泰龍小兒科診所,(02)82421606,,新北市中和區南華路21號,合約診所,"星期一至星期五08:30-12:00、16:00-18:00、19:00-21:30
星期六08:30-12:00、18:00-21:00",B型肝炎疫苗、五合一疫苗、13價肺炎鏈球菌疫苗、水痘、麻疹腮腺炎德國麻疹混合疫苗、活性減毒日本腦炎疫苗、白喉破傷風非細胞性百日咳及不活化小兒麻痺混合疫苗、A型肝炎疫苗,,,,,20230731
201,3531044768,中和區,黃基家小兒科診所,(02)22485433,,新北市中和區景平路485號,合約診所,星期一至星期六8:20-12:10、14:50-18:00、18:30-21:30,B型肝炎疫苗、五合一疫苗、13價肺炎鏈球菌疫苗、水痘、麻疹腮腺炎德國麻疹混合疫苗、活性減毒日本腦炎疫苗、白喉破傷風非細胞性百日咳及不活化小兒麻痺混合疫苗、A型肝炎疫苗,,,,,20230731
202,3531044320,中和區,友善宜安診所,(02)29438533,,新北市中和區保健路73巷73號,合約診所,"星期一、星期二、星期四、星期五09:00-12:05、15:00-21:00
星期三09:00-12:00、15:00-21:00
星期六09:00-12:05",B型肝炎疫苗、五合一疫苗、13價肺炎鏈球菌疫苗、水痘、麻疹腮腺炎德國麻疹混合疫苗、活性減毒日本腦炎疫苗、白喉破傷風非細胞性百日咳及不活化小兒麻痺混合疫苗、A型肝炎疫苗,,,,,20230731
203,3531045265,中和區,余泰昌小兒科診所,(02)29230336,,新北市中和區宜安路134-1號,合約診所,星期一至星期六9:00-12:00、16:00-21:30,B型肝炎疫苗、五合一疫苗、13價肺炎鏈球菌疫苗、水痘、麻疹腮腺炎德國麻疹混合疫苗、活性減毒日本腦炎疫苗、白喉破傷風非細胞性百日咳及不活化小兒麻痺混合疫苗、A型肝炎疫苗,,,,,20230731
204,1531041363,中和區,蕙生醫院,(02)22236339,,新北市中和區中山路二段551號,合約診所,"星期一至星期五09:00-11:30、14:30-17:30、19:00-21:30
星期六09:00-11:30、14:30-17:30",B型肝炎疫苗、五合一疫苗、13價肺炎鏈球菌疫苗、水痘、麻疹腮腺炎德國麻疹混合疫苗、活性減毒日本腦炎疫苗、白喉破傷風非細胞性百日咳及不活化小兒麻痺混合疫苗、A型肝炎疫苗、B型肝炎免疫球蛋白,,,,,20230731
205,3531045461,中和區,快樂小兒科診所,(02)89432999,,新北市中和區景安路215號1樓,合約診所,"星期一至星期日8:00-12:00
星期一至星期五18:30-21:30",B型肝炎疫苗、五合一疫苗、13價肺炎鏈球菌疫苗、水痘、麻疹腮腺炎德國麻疹混合疫苗、活性減毒日本腦炎疫苗、白喉破傷風非細胞性百日咳及不活化小兒麻痺混合疫苗、A型肝炎疫苗,,,,,20230731
206,3531045158,中和區,安平家診所,(02)29461010,,新北市中和區安平路89號,合約診所,"週一、三、五9:00-12:00、16:00-21:30
週二、四、日16:00-21:30",B型肝炎疫苗、五合一疫苗、13價肺炎鏈球菌疫苗、水痘、麻疹腮腺炎德國麻疹混合疫苗、活性減毒日本腦炎疫苗、白喉破傷風非細胞性百日咳及不活化小兒麻痺混合疫苗、A型肝炎疫苗,,,,,20230731
207,3531045050,中和區,通安診所,(02)22433160,,新北市中和區南山路45號,合約診所,"星期一至星期五8:30-18:00、18:40-21:30
星期六8:30-12:00、15:00-17:30
國定假日請先來電",B型肝炎疫苗、五合一疫苗、13價肺炎鏈球菌疫苗、水痘、麻疹腮腺炎德國麻疹混合疫苗、活性減毒日本腦炎疫苗、白喉破傷風非細胞性百日咳及不活化小兒麻痺混合疫苗、A型肝炎疫苗,,,,,20230731
208,3531043752,中和區,嘉櫻診所,(02)22259710,,新北市中和區連城路356號1F,合約診所,週一至六9:00-12:00、15:00-18:00、18:30-21:30,B型肝炎疫苗、五合一疫苗、13價肺炎鏈球菌疫苗、水痘、麻疹腮腺炎德國麻疹混合疫苗、活性減毒日本腦炎疫苗、白喉破傷風非細胞性百日咳及不活化小兒麻痺混合疫苗、A型肝炎疫苗,,,,,20230731
209,3531042479,中和區,正生婦幼聯合診所,(02)22446969,,新北市中和區中正路122號,合約診所,"週一至週六:09:00-13:00
週一至週四18:00-21:30
週五19:00-21:30",B型肝炎疫苗、五合一疫苗、13價肺炎鏈球菌疫苗、水痘、麻疹腮腺炎德國麻疹混合疫苗、活性減毒日本腦炎疫苗、白喉破傷風非細胞性百日咳及不活化小兒麻痺混合疫苗、A型肝炎疫苗,,,,,20230731
210,3531041392,中和區,黃呈鵬小兒科診所,(02)29480203,,新北市中和區興南路一段124號1F,合約診所,"週一至週五9:00-12:00、15:00-18:00、19:00-21:30
週四(午)休診9:00-12:00、19:00-21:30
星期六9:00-12:00",B型肝炎疫苗、五合一疫苗、13價肺炎鏈球菌疫苗、水痘、麻疹腮腺炎德國麻疹混合疫苗、活性減毒日本腦炎疫苗、白喉破傷風非細胞性百日咳及不活化小兒麻痺混合疫苗、A型肝炎疫苗,,,,,20230731
211,3531043627,中和區,曾咸統小兒科診所,(02)31516343,,新北市中和區景安路229號,合約診所,"週一至週六08:00-11:00、15:00-18:30、19:00-21:30
週日休診
國定假日正常看診",B型肝炎疫苗、五合一疫苗、13價肺炎鏈球菌疫苗、水痘、麻疹腮腺炎德國麻疹混合疫苗、活性減毒日本腦炎疫苗、白喉破傷風非細胞性百日咳及不活化小兒麻痺混合疫苗、A型肝炎疫苗,,,,,20230731
212,3531044839,中和區,育晨診所,(02)29459393,,新北市中和區自立路37號,合約診所,"週一、二、四、五上午8:30-12:00、下午16:00-18:00、晚上18:35-21:00
週三下午16:00-21:30
週日上午8:30-12:00、下午18:30-21:00
週六休診",B型肝炎疫苗、五合一疫苗、13價肺炎鏈球菌疫苗、水痘、麻疹腮腺炎德國麻疹混合疫苗、活性減毒日本腦炎疫苗、白喉破傷風非細胞性百日咳及不活化小兒麻痺混合疫苗、A型肝炎疫苗,,,,,20230731
213,3531044437,中和區,佳新診所,(02)29418101,,新北市中和區大勇街23號,合約診所,週一至週六早上8:30-12:00、下午16:00-18:30、晚上19:00-21:30,B型肝炎疫苗、五合一疫苗、13價肺炎鏈球菌疫苗、水痘、麻疹腮腺炎德國麻疹混合疫苗、活性減毒日本腦炎疫苗、白喉破傷風非細胞性百日咳及不活化小兒麻痺混合疫苗、A型肝炎疫苗,,,,,20230731
214,3531051512,新店區,呈恩診所,(02)86662207,,新北市新店區安康路2段146號,合約診所,"週一至週五上午9:00-12:00、下午15:00-18:00、晚上19:00:21:30
週六上午9:00-12:00、下午15:00-18:00",B型肝炎疫苗、五合一疫苗、13價肺炎鏈球菌疫苗、水痘、麻疹腮腺炎德國麻疹混合疫苗、活性減毒日本腦炎疫苗、白喉破傷風非細胞性百日咳及不活化小兒麻痺混合疫苗、A型肝炎疫苗,,,,,20230731
215,3531053433,新店區,加加小兒科診所,(02)22104948,,新北市新店區玫瑰路14號,合約診所,"星期一至星期五9:00-12:00
星期一、三、四、五17:30-21:30",B型肝炎疫苗、五合一疫苗、13價肺炎鏈球菌疫苗、水痘、麻疹腮腺炎德國麻疹混合疫苗、活性減毒日本腦炎疫苗、白喉破傷風非細胞性百日咳及不活化小兒麻痺混合疫苗、A型肝炎疫苗,,,,,20230731
216,3531053641,新店區,聖康小兒科診所,(02)86655858,,新北市新店區北新路三段104號,合約診所,"星期一至星期五8:30-12:00、15:00-18:00、18:30-21:30
星期六8:30-12:00、15:00-18:00
星期日08:30-12:00門診結束前10分鐘停止掛號",B型肝炎疫苗、五合一疫苗、13價肺炎鏈球菌疫苗、水痘、麻疹腮腺炎德國麻疹混合疫苗、活性減毒日本腦炎疫苗、白喉破傷風非細胞性百日咳及不活化小兒麻痺混合疫苗、A型肝炎疫苗,,,,,20230731
217,1131050515,新店區,佛教慈濟醫療財團法人台北慈濟醫院,(02)66289779,,新北市新店區建國路289號,合約診所,"週日全天休診
週一至週五13:30-17:00
週六8:30-12:00
卡介苗週二:15:30-17:00",B型肝炎疫苗、五合一疫苗、13價肺炎鏈球菌疫苗、水痘、麻疹腮腺炎德國麻疹混合疫苗、活性減毒日本腦炎疫苗、白喉破傷風非細胞性百日咳及不活化小兒麻痺混合疫苗、A型肝炎疫苗、卡介苗、B型肝炎免疫球蛋白、育齡婦女MMR,,,,,20230731
218,3531053632,新店區,邱昰凱小兒科診所,(02)29130360,,新北市新店區建國路226號,合約診所,"星期一至五早上8:30-12:00、下午4:00-6:00、晚上6:30-9:30(星期四只看夜診)
星期六至日早上9:00-12:00、下午4:00-6:00(星期日下午休診)、晚上6:30-9:30",B型肝炎疫苗、五合一疫苗、13價肺炎鏈球菌疫苗、水痘、麻疹腮腺炎德國麻疹混合疫苗、活性減毒日本腦炎疫苗、白喉破傷風非細胞性百日咳及不活化小兒麻痺混合疫苗、A型肝炎疫苗,,,,,20230731
219,3531053150,新店區,聖新診所,(02)29131415,,新北市新店區寶橋路4號1樓,合約診所,"星期一至星期六8:00-12:00、15:00-18:00、18:30-22:00
星期日8:30開始",B型肝炎疫苗、五合一疫苗、13價肺炎鏈球菌疫苗、水痘、麻疹腮腺炎德國麻疹混合疫苗、活性減毒日本腦炎疫苗、白喉破傷風非細胞性百日咳及不活化小兒麻痺混合疫苗、A型肝炎疫苗,,,,,20230731
220,3531050999,新店區,高兒科診所,(02)22121545,,新北市新店區安成街38號,合約診所,"週一至週五08:30-12:00、17:00-21:30
週六08:30-12:00",B型肝炎疫苗、五合一疫苗、13價肺炎鏈球菌疫苗、水痘、麻疹腮腺炎德國麻疹混合疫苗、活性減毒日本腦炎疫苗、白喉破傷風非細胞性百日咳及不活化小兒麻痺混合疫苗、A型肝炎疫苗,,,,,20230731
221,1231050017,新店區,財團法人天主教耕莘醫院,(02)22193391,,新北市新店區中正路362號,合約診所,"週日全天休診
週一至週五9:00-12:00、14:00-17:00、18:30-21:00
週六9:00-12:00
卡介苗為週五上午10:00-12:00",B型肝炎疫苗、五合一疫苗、13價肺炎鏈球菌疫苗、水痘、麻疹腮腺炎德國麻疹混合疫苗、活性減毒日本腦炎疫苗、白喉破傷風非細胞性百日咳及不活化小兒麻痺混合疫苗、A型肝炎疫苗、卡介苗、B型肝炎免疫球蛋白、育齡婦女MMR,,,,,20230731
222,1231050017,新店區,財團法人天主教耕莘醫院安康院區,(02)22123066,,新北市新店區車子路15號,合約診所,"週日全天休診
週一至週五9:00-12:00、14:00-17:00、18:30-20:30
週六9:00-12:00
",B型肝炎疫苗、五合一疫苗、13價肺炎鏈球菌疫苗、水痘、麻疹腮腺炎德國麻疹混合疫苗、活性減毒日本腦炎疫苗、白喉破傷風非細胞性百日咳及不活化小兒麻痺混合疫苗、A型肝炎疫苗、育齡婦女MMR,,,,,20230731
223,3531052831,新店區,幼安小兒科診所,(02)86660909,,新北市新店區安康路二段99號,合約診所,"週一至週五早上9:00-12:00、下午4:00-6:00
週六早上9:00-12:00",B型肝炎疫苗、五合一疫苗、13價肺炎鏈球菌疫苗、水痘、麻疹腮腺炎德國麻疹混合疫苗、活性減毒日本腦炎疫苗、白喉破傷風非細胞性百日咳及不活化小兒麻痺混合疫苗、A型肝炎疫苗,,,,,20230731
224,3531050659,"
新店區",陳正宗診所,(02)29129981,,新北市新店區中正路241號,合約診所,週一至週六早上8:30-12:00、下午15:00-18:00、晚上18:30-21:30,B型肝炎疫苗、五合一疫苗、13價肺炎鏈球菌疫苗、水痘、麻疹腮腺炎德國麻疹混合疫苗、活性減毒日本腦炎疫苗、白喉破傷風非細胞性百日咳及不活化小兒麻痺混合疫苗、A型肝炎疫苗,,,,,20230731
225,3531053730,"
新店區",碧潭診所,(02)29116698,,新北市新店區北新路一段21號,合約診所,"週一至週五上午8:30-12:00、下午15:30-18:00、晚上18:00-21:00
週六上午8:30-12:00",B型肝炎疫苗、五合一疫苗、13價肺炎鏈球菌疫苗、水痘、麻疹腮腺炎德國麻疹混合疫苗、活性減毒日本腦炎疫苗、白喉破傷風非細胞性百日咳及不活化小兒麻痺混合疫苗、A型肝炎疫苗,,,,,20230731
226,3531051307,新店區,護康診所,(02)86663366,,新北市新店區安成街32號,合約診所,"週日全天休診
週一至週六早上08:30-12:30、晚上17:30-21:30",B型肝炎疫苗、五合一疫苗、13價肺炎鏈球菌疫苗、水痘、麻疹腮腺炎德國麻疹混合疫苗、活性減毒日本腦炎疫苗、白喉破傷風非細胞性百日咳及不活化小兒麻痺混合疫苗、A型肝炎疫苗,,,,,20230731
227,3531053212,新店區,曾俊睿小兒科診所,(02)29137201,,新北市新店區寶橋路54號,合約診所,"週一至週六上午8:00-12:00、下午16:00-18:00、晚上18:30-21:30
週六上午9:00開始掛號",B型肝炎疫苗、五合一疫苗、13價肺炎鏈球菌疫苗、水痘、麻疹腮腺炎德國麻疹混合疫苗、活性減毒日本腦炎疫苗、白喉破傷風非細胞性百日咳及不活化小兒麻痺混合疫苗、A型肝炎疫苗,,,,,20230731
228,3531053132,新店區,全康診所,(02)82180607,,新北市新店區溪園路383號1樓,合約診所,"週一上午8:30-12:00、下午16：00-18：00、晚上18:30-21:30
週二至週六上午8:30-12:00、晚上18:30-21:30",B型肝炎疫苗、五合一疫苗、13價肺炎鏈球菌疫苗、水痘、麻疹腮腺炎德國麻疹混合疫苗、活性減毒日本腦炎疫苗、白喉破傷風非細胞性百日咳及不活化小兒麻痺混合疫苗、A型肝炎疫苗,,,,,20230731
